"taxon","16S rRNA accession #","Family","Genus","Species","Strain","Genome size","%G+C","Other genetic characteristics","Cell shape","Pigments","Cell wall","Motility","Biofilm formation","Habitat isolated from","Oxygen use","Salinity preference","pH minimum","pH optimum","pH maximum","Temperature minimum","Temperature optimum","Temperature maximum","NaCl minimum","NaCl optimum","NaCl maximum","Host","Symbiotic","Pathogenic","Disease caused","Metabolism (energy & carbon source)","Mono & di-saccharides","Polysaccharides","Amino acids","Alcohols","Fatty acids","Other energy or carbon sources","Fermentation products","Polyalkanoates (plastics)","Other metabolic product","Antibiotic sensitivity","Antibiotic resistant","Cell Size"
"Halorubrum_saccharovorum","","","","","","","71.2","","rod-shaped","","","","","","","","","","","","","","","","","","","","","","","","","","","","","","","","",""
"Vulcanisaeta_distributa","","","","","","","45.4","","","","","","","","","","","","","","","","","","","","","","","","","","","","","","","","","","",""
"Mesoplasma_photuris","","","","","","","28.8","","coccoid","","","","","","","","","","","","","","","","","","","","","","","","","","","","","","","","",""
"Haloarcula_tradensis","","","","","","","62.2","","pleomorphic,rods,","","","","","","","","","","","","","","","","","","","","","","","","","","","","","","","","",""
"Acholeplasma_axanthum","","","","","","","","","coccoid,short,coccobacillary","","","","","","","","","","","","","","","","","","","","","","","","","","","","","","","","",""
"Acaryochloris.marina.MBIC11017","","","","","","","","","","","","","","","","","","","","","","","","","","","","","","","","","","","","","","","","","",""
"Methanosphaera_cuniculi","","","","","","","23","","pairs","","","","","","","","","","","","","","","","","","","","","","","","","","","","","","","","",""
"Thermococcus_aegaeicus","","","","","","","45,45.5","","cocci,aggregates,irregular","","","","","","","","","","","","","","","","","","","","","","","","","","","","","","","","",""
"Fischerella.muscicola.SAG2027","","","","","","","","","filaments","","","","","","","","","","","","","","","","","","","","","","","","","","","","","","","","",""
"Haloarcula_marismortui","","","","","","","55,62","","","","","","","","","","","","","","","","","","","","","","","","","","","","","","","","","","",""
"Mycoplasma_agassizii","","","","","","","","","coccoid,pleomorphic","","","","","","","","","","","","","","","","","","","","","","","","","","","","","","","","",""
"Microcystis.aeruginosa.NIES-843","","","","","","","","","","","","","","","","","","","","","","","","","","","","","","","","","","","","","","","","","",""
"Mycoplasma_auris","","","","","","","26.9","","","","","","","","","","","","","","","","","","","","","","","","","","","","","","","","","","",""
"Ureaplasma_parvum","","","","","","","26","","","","","","","","","","","","","","","","","","","","","","","","","","","","","","","","","","",""
"Halorubrum_ejinorense","","","","","","","64.0","","rods","","","","","","","","","","","","","","","","","","","","","","","","","","","","","","","","",""
"Mycoplasma_gallinaceum","","","","","","","28","","","","","","","","","","","","","","","","","","","","","","","","","","","","","","","","","","",""
"Spiroplasma_syrphidicola","","","","","","","1","","filaments,helical","","","","","","","","","","","","","","","","","","","","","","","","","","","","","","","","",""
"Methanolobus_tindarius","","","","","","","40","","coccoid,aggregates","","","","","","","","","","","","","","","","","","","","","","","","","","","","","","","","",""
"Methanobacterium_thermoaggregans","","","","","","","","","filaments,regular,aggregates,rods","","","","","","","","","","","","","","","","","","","","","","","","","","","","","","","","",""
"Halobiforma_nitratireducens","","","","","","","","","","","","","","","","","","","","","","","","","","","","","","","","","","","","","","","","","",""
"Natrinema_pellirubrum","","","","","","","","","rod-shaped","","","","","","","","","","","","","","","","","","","","","","","","","","","","","","","","",""
"Natronococcus_amylolyticus","","","","","","","63.5","","clusters,cocci,irregular","","","","","","","","","","","","","","","","","","","","","","","","","","","","","","","","",""
"Synechocystis.sp.PCC6803","","","","","","","","","","","","","","","","","","","","","","","","","","","","","","","","","","","","","","","","","",""
"Staphylothermus_hellenicus","","","","","","","38.8,38","","cocci,aggregates,irregular","","","","","","","","","","","","","","","","","","","","","","","","","","","","","","","","",""
"Microcoleus.vaginatus.FGP-2","","","","","","","","","","","","","","","","","","","","","","","","","","","","","","","","","","","","","","","","","",""
"Methanococcus_voltae","","","","","","","","","cocci,,irregular","","","","","","","","","","","","","","","","","","","","","","","","","","","","","","","","",""
"Acholeplasma_morum","","","","","","","","","","","","","","","","","","","","","","","","","","","","","","","","","","","","","","","","","",""
"Spiroplasma_lampyridicola","","","","","","","26","","filamentous,helical","","","","","","","","","","","","","","","","","","","","","","","","","","","","","","","","",""
"Methanocaldococcus_vulcanius","","","","","","","31","","pairs,singly,cocci","","","","","","","","","","","","","","","","","","","","","","","","","","","","","","","","",""
"Crocosphaera.watsonii.WH0003","","","","","","","","","unicellular","","","","","","","","","","","","","","","","","","","","","","","","","","","","","","","","",""
"Methanobrevibacter_woesei","","","","","","","31","","short,coccobacillus,pairs,chains,tapered","","","","","","","","","","","","","","","","","","","","","","","","","","","","","","","","",""
"Methanocaldococcus_villosus","","","","","","","","","regular,irregular","","","","","","","","","","","","","","","","","","","","","","","","","","","","","","","","",""
"Halorubrum_aquaticum","","","","","","","62.1","","rods","","","","","","","","","","","","","","","","","","","","","","","","","","","","","","","","",""
"Pyrolobus_fumarii","","","","","","","","","cocci,lobed","","","","","","","","","","","","","","","","","","","","","","","","","","","","","","","","",""
"Microcystis.aeruginosa.PCC7820","","","","","","","","","","","","","","","","","","","","","","","","","","","","","","","","","","","","","","","","","",""
"Methanomicrococcus_blatticola","","","","","","","","","","","","","","","","","","","","","","","","","","","","","","","","","","","","","","","","","",""
"Methanothermus_sociabilis","","","","","","","33","","curved,rods","","","","","","","","","","","","","","","","","","","","","","","","","","","","","","","","",""
"Mycoplasma_pirum","","","","","","","25.5","","pear-shaped","","","","","","","","","","","","","","","","","","","","","","","","","","","","","","","","",""
"Thermococcus_coalescens","","","","","","","53.9","","cocci,irregular","","","","","","","","","","","","","","","","","","","","","","","","","","","","","","","","",""
"Methanobacterium_aarhusense","","","","","","","34.9","","filaments","","","","","","","","","","","","","","","","","","","","","","","","","","","","","","","","",""
"Methanococcoides_euhalobius","","","","","","","43.0","","cocci,aggregates,irregular","","","","","","","","","","","","","","","","","","","","","","","","","","","","","","","","",""
"Natronobacterium_nitratireducens","","","","","","","","","rod-shaped","","","","","","","","","","","","","","","","","","","","","","","","","","","","","","","","",""
"Thermococcus_celericrescens","","","","","","","54.6","","cocci,irregular","","","","","","","","","","","","","","","","","","","","","","","","","","","","","","","","",""
"Spirulina.sp.PCC6313","","","","","","","","","helical,trichomes","","","","","","","","","","","","","","","","","","","","","","","","","","","","","","","","",""
"Cylindrospermum.stagnale.PCC7417","","","","","","","","","","","","","","","","","","","","","","","","","","","","","","","","","","","","","","","","","",""
"Spiroplasma_litorale","","","","","","","25","","","","","","","","","","","","","","","","","","","","","","","","","","","","","","","","","","",""
"Methanobacterium_uliginosum","","","","","","","29.4,33.8","","rods,,rods,spherical","","","","","","","","","","","","","","","","","","","","","","","","","","","","","","","","",""
"Methanosarcina_acetivorans","","","","","","","","","cocci","","","","","","","","","","","","","","","","","","","","","","","","","","","","","","","","",""
"Halococcus_hamelinensis","","","","","","","","","clusters,pairs,singly,cocci,irregular,tetrads","","","","","","","","","","","","","","","","","","","","","","","","","","","","","","","","",""
"Chroococcidiopsis.thermalis.PCC7203","","","","","","","","","","","","","","","","","","","","","","","","","","","","","","","","","","","","","","","","","",""
"Gloeocapsopsis_aurea","","","","","","","","","","","","","","","","","","","","","","","","","","","","","","","","","","","","","","","","","",""
"Salarchaeum_japonicum","","","","","","","64","","short,rods,","","","","","","","","","","","","","","","","","","","","","","","","","","","","","","","","",""
"Halorubrum_xinjiangense","","","","","","","","","short,rods","","","","","","","","","","","","","","","","","","","","","","","","","","","","","","","","",""
"Pyrobaculum_calidifontis","","","","","","","51","","rod-shaped,long","","","","","","","","","","","","","","","","","","","","","","","","","","","","","","","","",""
"Halococcus_qingdaonensis","","","","","","","61.2","","doublets,cocci,tetrads","","","","","","","","","","","","","","","","","","","","","","","","","","","","","","","","",""
"Halorubrum_lacusprofundi","","","","","","","65.3-65","","pleomorphic,rod-shaped,long","","","","","","","","","","","","","","","","","","","","","","","","","","","","","","","","",""
"Pyrococcus_horikoshii","","","","","","","44","","cocci,irregular","","","","","","","","","","","","","","","","","","","","","","","","","","","","","","","","",""
"Methanohalophilus_portucalensis","","","","","","","43","","coccoid,singly,,pairs,,aggregates,irregular","","","","","","","","","","","","","","","","","","","","","","","","","","","","","","","","",""
"Pyrococcus_furiosus","","","","","","","","","irregular","","","","","","","","","","","","","","","","","","","","","","","","","","","","","","","","",""
"Methanocaldococcus_sp._FS406-22","","","","","","","","","","","","","","","","","","","","","","","","","","","","","","","","","","","","","","","","","",""
"Sulfolobus_tengchongensis","","","","","","","34.4","","cocci,irregular,curved,long","","","","","","","","","","","","","","","","","","","","","","","","","","","","","","","","",""
"Spirulina_subsalsa","","","","","","","","","","","","","","","","","","","","","","","","","","","","","","","","","","","","","","","","","",""
"Thermosynechococcus.elongatus.BP-1","","","","","","","","","","","","","","","","","","","","","","","","","","","","","","","","","","","","","","","","","",""
"Thermococcus_hydrothermalis","","","","","","","","","cocci","","","","","","","","","","","","","","","","","","","","","","","","","","","","","","","","",""
"Prochlorococcus_marinus_MED4","","","","","","","","","","","","","","","","","","","","","","","","","","","","","","","","","","","","","","","","","",""
"Halomicrobium_mukohataei","","","","","","","65","","flat","","","","","","","","","","","","","","","","","","","","","","","","","","","","","","","","",""
"Anaeroplasma_varium","","","","","","","33.4","","","","","","","","","","","","","","","","","","","","","","","","","","","","","","","","","","",""
"Thermococcus_thioreducens","","","","","","","52.9","","cocci,irregular","","","","","","","","","","","","","","","","","","","","","","","","","","","","","","","","",""
"Halorubrum_orientale","","","","","","","64.2","","pleomorphic","","","","","","","","","","","","","","","","","","","","","","","","","","","","","","","","",""
"Chlorogloeopsis_fritschii_PCC_6912","","","","","","","","","","","","","","","","","","","","","","","","","","","","","","","","","","","","","","","","","",""
"Halogeometricum_borinquense","","","","","","","59-1","","short,pleomorphic,long,rods","","","","","","","","","","","","","","","","","","","","","","","","","","","","","","","","",""
"Acholeplasma_entomophilum","","","","","","","30","","coccoid,pleomorphic","","","","","","","","","","","","","","","","","","","","","","","","","","","","","","","","",""
"Thermoproteus_uzoniensis","","","","","","","56.5","","","","","","","","","","","","","","","","","","","","","","","","","","","","","","","","","","",""
"Desulfurococcus_fermentans","","","","","","","42.5","","cocci","","","","","","","","","","","","","","","","","","","","","","","","","","","","","","","","",""
"Haladaptatus_paucihalophilus","","","","","","","60.5","","","","","","","","","","","","","","","","","","","","","","","","","","","","","","","","","","",""
"Methanococcoides_burtonii","","","","","","","39.6","","cocci,irregular","","","","","","","","","","","","","","","","","","","","","","","","","","","","","","","","",""
"Mycoplasma_phocidae","","","","","","","27.8","","coccoid","","","","","","","","","","","","","","","","","","","","","","","","","","","","","","","","",""
"Halorhabdus_tiamatea","","","","","","","61.7","","coccoid,pleomorphic,irregular,rods","","","","","","","","","","","","","","","","","","","","","","","","","","","","","","","","",""
"Methanogenium_thermophilicum","","","","","","","59","","pairs,singly,cocci,irregular","","","","","","","","","","","","","","","","","","","","","","","","","","","","","","","","",""
"Haloterrigena_turkmenica","","","","","","","59.8","","coccoid,rods,oval","","","","","","","","","","","","","","","","","","","","","","","","","","","","","","","","",""
"Microcystis.aeruginosa.PCC7941","","","","","","","","","","","","","","","","","","","","","","","","","","","","","","","","","","","","","","","","","",""
"Haloferax_larsenii","","","","","","","62.2","","pleomorphic,elongated","","","","","","","","","","","","","","","","","","","","","","","","","","","","","","","","",""
"Halorubellus_litoreus","","","","","","","67.2","","pleomorphic","","","","","","","","","","","","","","","","","","","","","","","","","","","","","","","","",""
"Spiroplasma_alleghenense","","","","","","","31","","filaments,helical","","","","","","","","","","","","","","","","","","","","","","","","","","","","","","","","",""
"Methanohalophilus_halophilus","","","","","","","48,43","","polygonal,pairs,singly,cocci,aggregates,irregular","","","","","","","","","","","","","","","","","","","","","","","","","","","","","","","","",""
"Palaeococcus_helgesonii","","","","","","","42.5","","pairs,regular,singly,cocci,,irregular","","","","","","","","","","","","","","","","","","","","","","","","","","","","","","","","",""
"Methanoculleus_submarinus","","","","","","","","","pairs,singly,cocci,irregular","","","","","","","","","","","","","","","","","","","","","","","","","","","","","","","","",""
"Methanobrevibacter_olleyae","","","","","","","","","pairs,coccobacilli,singly","","","","","","","","","","","","","","","","","","","","","","","","","","","","","","","","",""
"Thermococcus_atlanticus","","","","","","","","","cocci,spherical","","","","","","","","","","","","","","","","","","","","","","","","","","","","","","","","",""
"Haloferax_sulfurifontis","","","","","","","60.5","","clusters,pairs,pleomorphic,rods","","","","","","","","","","","","","","","","","","","","","","","","","","","","","","","","",""
"Haloterrigena_daqingensis","","","","","","","59.3","","coccoid,clusters,pairs,singly,irregular","","","","","","","","","","","","","","","","","","","","","","","","","","","","","","","","",""
"Mesoplasma_seiffertii","","","","","","","1","","coccoid,shape","","","","","","","","","","","","","","","","","","","","","","","","","","","","","","","","",""
"Natronorubrurn_tibetense","","","","","","","60.1","","pleomorphic,","","","","","","","","","","","","","","","","","","","","","","","","","","","","","","","","",""
"Mycoplasma_mycoides_subsp._mycoides","","","","","","","24.0,26.1","","pleomorphic,non-helical","","","","","","","","","","","","","","","","","","","","","","","","","","","","","","","","",""
"Entomoplasma_somnilux","","","","","","","1","","short,pleomorphic,coccoidal,unbranched,branched,subcoccoidal","","","","","","","","","","","","","","","","","","","","","","","","","","","","","","","","",""
"Metallosphaera_yellowstonensis","","","","","","","","","","","","","","","","","","","","","","","","","","","","","","","","","","","","","","","","","",""
"Halorubrum_tebenquichense","","","","","","","63.2","","disc-shaped","","","","","","","","","","","","","","","","","","","","","","","","","","","","","","","","",""
"Stetteria_hydrogenophila","","","","","","","65","","cocci,irregular","","","","","","","","","","","","","","","","","","","","","","","","","","","","","","","","",""
"Halococcus_salifodinae","","","","","","","62.1","","cocci","","","","","","","","","","","","","","","","","","","","","","","","","","","","","","","","",""
"Aciduliprofundum_boonei","","","","","","","","","pleiomorphic,spherical","","","","","","","","","","","","","","","","","","","","","","","","","","","","","","","","",""
"Haloplanus_natans","","","","","","","","","","","","","","","","","","","","","","","","","","","","","","","","","","","","","","","","","",""
"Methanofollis_formosanus","","","","","","","58.4","","coccoid","","","","","","","","","","","","","","","","","","","","","","","","","","","","","","","","",""
"Spiroplasma_atrichopogonis","","","","","","","28.8","","helical,filamentous,","","","","","","","","","","","","","","","","","","","","","","","","","","","","","","","","",""
"Methanocella_conradii","","","","","","","","","","","","","","","","","","","","","","","","","","","","","","","","","","","","","","","","","",""
"Acholeplasma_vituli","","","","","","","38.3","","coccoid,shape","","","","","","","","","","","","","","","","","","","","","","","","","","","","","","","","",""
"Methanothermobacter_crinale","","","","","","","41.1","","pairs,singly,curved,rods","","","","","","","","","","","","","","","","","","","","","","","","","","","","","","","","",""
"Halorhabdus_utahensis","","","","","","","","","pleomorphic,rod-shaped,long","","","","","","","","","","","","","","","","","","","","","","","","","","","","","","","","",""
"Mycoplasma_iowae","","","","","","","25","","","","","","","","","","","","","","","","","","","","","","","","","","","","","","","","","","",""
"Ureaplasma_gallorale","","","","","","","","","","","","","","","","","","","","","","","","","","","","","","","","","","","","","","","","","",""
"Halococcus_thailandensis","","","","","","","60.2â€“61.8","","pairs,singly,cocci,packets,tetrads,sarcina","","","","","","","","","","","","","","","","","","","","","","","","","","","","","","","","",""
"Ferroplasma_acidiphilum","","","","","","","36.5","","filamentous,cocci,irregular,spherical","","","","","","","","","","","","","","","","","","","","","","","","","","","","","","","","",""
"Cyanothece.sp.PCC8802","","","","","","","","","cylindrical,oval","","","","","","","","","","","","","","","","","","","","","","","","","","","","","","","","",""
"Methanobrevibacter_arboriphilicus","","","","","","","","","short,long,rods","","","","","","","","","","","","","","","","","","","","","","","","","","","","","","","","",""
"Cyanothece_sp._ATCC_51142","","","","","","","","","cylindrical,unicellular,oval","","","","","","","","","","","","","","","","","","","","","","","","","","","","","","","","",""
"Methanosaeta_concilii","","","","","","","49.0","","filaments,chains,flat,long,rods","","","","","","","","","","","","","","","","","","","","","","","","","","","","","","","","",""
"Methanogenium_frigidum","","","","","","","","","singly,irregular","","","","","","","","","","","","","","","","","","","","","","","","","","","","","","","","",""
"Anabaena.cylindrica.PCC7122","","","","","","","","","","","","","","","","","","","","","","","","","","","","","","","","","","","","","","","","","",""
"Methanococcoides_alaskense","","","","","","","","","singly,cocci,irregular","","","","","","","","","","","","","","","","","","","","","","","","","","","","","","","","",""
"Cyanothece.sp.PCC8801","","","","","","","","","cylindrical,oval","","","","","","","","","","","","","","","","","","","","","","","","","","","","","","","","",""
"Methanogenium_aggregans","","","","","","","52","","singly,cocci,aggregates,irregular","","","","","","","","","","","","","","","","","","","","","","","","","","","","","","","","",""
"Natrialba_aegyptiaca","","","","","","","","","pleomorphic,cocci,tetrads,rods","","","","","","","","","","","","","","","","","","","","","","","","","","","","","","","","",""
"Synechococcus.sp.WH8102","","","","","","","","","","","","","","","","","","","","","","","","","","","","","","","","","","","","","","","","","",""
"Mesoplasma_coleopterae","","","","","","","27.7","","coccoid","","","","","","","","","","","","","","","","","","","","","","","","","","","","","","","","",""
"Halorubrum_trapanicum","","","","","","","64.3","","pleomorphic,rods","","","","","","","","","","","","","","","","","","","","","","","","","","","","","","","","",""
"Acholeplasma_laidlawii","","","","","","","31.7-35","","coccoid,filaments,branched","","","","","","","","","","","","","","","","","","","","","","","","","","","","","","","","",""
"Halonotius_pteroides","","","","","","","","","flat,flattened,long,rods","","","","","","","","","","","","","","","","","","","","","","","","","","","","","","","","",""
"Methanolobus_zinderi","","","","","","","","","irregular","","","","","","","","","","","","","","","","","","","","","","","","","","","","","","","","",""
"Spiroplasma_diabroticae","","","","","","","25","","","","","","","","","","","","","","","","","","","","","","","","","","","","","","","","","","",""
"Halorubrum_luteum","","","","","","","60.2","","pleomorphic","","","","","","","","","","","","","","","","","","","","","","","","","","","","","","","","",""
"Therrnocladium_modestius","","","","","","","52","","rod-shaped,chains","","","","","","","","","","","","","","","","","","","","","","","","","","","","","","","","",""
"Cyanothece.sp.ATCC51472","","","","","","","","","","","","","","","","","","","","","","","","","","","","","","","","","","","","","","","","","",""
"Methanoculleus_oldenburgensis","","","","","","","48.6","","pairs,singly,cocci,irregular","","","","","","","","","","","","","","","","","","","","","","","","","","","","","","","","",""
"Methanofollis_aquaemaris","","","","","","","","","coccoid","","","","","","","","","","","","","","","","","","","","","","","","","","","","","","","","",""
"Methanogenium_organophilum","","","","","","","46.7","","coccoid,,irregular","","","","","","","","","","","","","","","","","","","","","","","","","","","","","","","","",""
"Acidiplasma_aeolicum","","","","","","","36","","filamentous","","","","","","","","","","","","","","","","","","","","","","","","","","","","","","","","",""
"Arthrospira.maxima.CS-328","","","","","","","","","filaments","","","","","","","","","","","","","","","","","","","","","","","","","","","","","","","","",""
"Methanobacterium_bryantii","","","","","","","","","filaments,chains,cylindrical,long","","","","","","","","","","","","","","","","","","","","","","","","","","","","","","","","",""
"Methanobacterium_arbophilicum","","","","","","","","","pairs,rods,,singly,chains,rods","","","","","","","","","","","","","","","","","","","","","","","","","","","","","","","","",""
"Limnothrix_redekei","","","","","","","","","","","","","","","","","","","","","","","","","","","","","","","","","","","","","","","","","",""
"Microcystis.aeruginosa.PCC7806","","","","","","","","","","","","","","","","","","","","","","","","","","","","","","","","","","","","","","","","","",""
"Ureaplasma_canigenitalium","","","","","","","28.7","","pleomorphic","","","","","","","","","","","","","","","","","","","","","","","","","","","","","","","","",""
"Spiroplasma_leucomae","","","","","","","24","","","","","","","","","","","","","","","","","","","","","","","","","","","","","","","","","","",""
"Methanofollis_tationis","","","","","","","54","","coccoid","","","","","","","","","","","","","","","","","","","","","","","","","","","","","","","","",""
"Prochlorothrix.hollandica.PCC9006","","","","","","","","","","","","","","","","","","","","","","","","","","","","","","","","","","","","","","","","","",""
"Acholeplasma_brassicae","","","","","","","35.5","","coccoid","","","","","","","","","","","","","","","","","","","","","","","","","","","","","","","","",""
"Halobacterium_jilantaiense","","","","","","","64.2","","rods","","","","","","","","","","","","","","","","","","","","","","","","","","","","","","","","",""
"Methanocella_arvoryzae","","","","","","","56.7","","coccoid,rod-shaped,singly","","","","","","","","","","","","","","","","","","","","","","","","","","","","","","","","",""
"Synechococcus.lividus.C1","","","","","","","","","","","","","","","","","","","","","","","","","","","","","","","","","","","","","","","","","",""
"Halogeometricum_rufum","","","","","","","","","short,pleomorphic,cocci,irregular,long,rods","","","","","","","","","","","","","","","","","","","","","","","","","","","","","","","","",""
"Thermogladius_shockii","","","","","","","51.3","","pairs,regular,cocci,irregular","","","","","","","","","","","","","","","","","","","","","","","","","","","","","","","","",""
"Methanobacterium_ferruginis","","","","","","","37.6","","long,rods","","","","","","","","","","","","","","","","","","","","","","","","","","","","","","","","",""
"Halopenitus_persicus","","","","","","","66.0","","","","","","","","","","","","","","","","","","","","","","","","","","","","","","","","","","",""
"Cyanothece.sp.CCY0110","","","","","","","","","","","","","","","","","","","","","","","","","","","","","","","","","","","","","","","","","",""
"Methanosarcina_baltica","","","","","","","","","pairs,singly,cocci,irregular,tetrads","","","","","","","","","","","","","","","","","","","","","","","","","","","","","","","","",""
"Methanobacterium_kanagiense","","","","","","","39.3","","rod-shaped,long","","","","","","","","","","","","","","","","","","","","","","","","","","","","","","","","",""
"Methanolobus_vulcani","","","","","","","39","","coccoid,","","","","","","","","","","","","","","","","","","","","","","","","","","","","","","","","",""
"Methanocorpusculum_parvum","","","","","","","","","coccoid,pairs,singly,irregular","","","","","","","","","","","","","","","","","","","","","","","","","","","","","","","","",""
"Halorubrum_arcis","","","","","","","65.7","","rod-like","","","","","","","","","","","","","","","","","","","","","","","","","","","","","","","","",""
"Methanoculleus_receptaculi","","","","","","","55.2","","pairs,singly,cocci","","","","","","","","","","","","","","","","","","","","","","","","","","","","","","","","",""
"Methanocorpusculum_sinense","","","","","","","52.0","","coccoid,singly,irregular","","","","","","","","","","","","","","","","","","","","","","","","","","","","","","","","",""
"Thermococcus_alcaliphilus","","","","","","","42","","","","","","","","","","","","","","","","","","","","","","","","","","","","","","","","","","",""
"Methanogenium_marisnigri","","","","","","","61","","irregular","","","","","","","","","","","","","","","","","","","","","","","","","","","","","","","","",""
"Palaeococcus_ferrophilus","","","","","","","53.5","","pairs,singly,cocci,,irregular","","","","","","","","","","","","","","","","","","","","","","","","","","","","","","","","",""
"Methanocaldococcus_indicus","","","","","","","30.7","","pairs,singly,cocci","","","","","","","","","","","","","","","","","","","","","","","","","","","","","","","","",""
"Thermococcus_sibiricus","","","","","","","38.4","","cocci,irregular","","","","","","","","","","","","","","","","","","","","","","","","","","","","","","","","",""
"Acidianus_hospitalis","","","","","","","","","","","","","","","","","","","","","","","","","","","","","","","","","","","","","","","","","",""
"Methanosphaerula_palustris","","","","","","","","","","","","","","","","","","","","","","","","","","","","","","","","","","","","","","","","","",""
"Pyrococcus_abyssi","","","","","","","","","chains,cocci,irregular","","","","","","","","","","","","","","","","","","","","","","","","","","","","","","","","",""
"Mesoplasma_lactucae","","","","","","","1","","coccoid,short,nonhelical,pleomorphic,filaments","","","","","","","","","","","","","","","","","","","","","","","","","","","","","","","","",""
"Methanobrevibacter_gottschalkii","","","","","","","29","","short,coccobacillus,pairs,chains","","","","","","","","","","","","","","","","","","","","","","","","","","","","","","","","",""
"Mesoplasma_entomophilum","","","","","","","30","","coccoid,pleomorphic","","","","","","","","","","","","","","","","","","","","","","","","","","","","","","","","",""
"Haladaptatus_cibarius","","","","","","","56.5","","coccobacilli,cocci","","","","","","","","","","","","","","","","","","","","","","","","","","","","","","","","",""
"Spiroplasma_corruscae","","","","","","","26.3","","","","","","","","","","","","","","","","","","","","","","","","","","","","","","","","","","",""
"Haloterrigena_thermotolerans","","","","","","","63.3","","rod-shaped","","","","","","","","","","","","","","","","","","","","","","","","","","","","","","","","",""
"Spiroplasma_monobiae","","","","","","","28","","helical,,filaments","","","","","","","","","","","","","","","","","","","","","","","","","","","","","","","","",""
"Synechococcus.sp.CC9605","","","","","","","","","","","","","","","","","","","","","","","","","","","","","","","","","","","","","","","","","",""
"Thermococcus_siculi","","","","","","","55.8","","pairs,regular,singly,cocci,irregular","","","","","","","","","","","","","","","","","","","","","","","","","","","","","","","","",""
"Thermoproteus_tenax","","","","","","","","","","","","","","","","","","","","","","","","","","","","","","","","","","","","","","","","","",""
"Spiroplasma_tabanidicola","","","","","","","26","","","","","","","","","","","","","","","","","","","","","","","","","","","","","","","","","","",""
"Methanolinea_mesophila","","","","","","","56.4","","coccoid,filamentous,rod-shaped,,long","","","","","","","","","","","","","","","","","","","","","","","","","","","","","","","","",""
"Halosimplex_carlsbadense","","","","","","","","","rod shaped,pleomorphic","","","","","","","","","","","","","","","","","","","","","","","","","","","","","","","","",""
"Natronoarchaeum_mannanilyticum","","","","","","","63","","pleomorphic","","","","","","","","","","","","","","","","","","","","","","","","","","","","","","","","",""
"Methanohalophilus_oregonense","","","","","","","40.9","","irregular","","","","","","","","","","","","","","","","","","","","","","","","","","","","","","","","",""
"Acholeplasma_multilocale","","","","","","","31","","pleomorphic","","","","","","","","","","","","","","","","","","","","","","","","","","","","","","","","",""
"Acholeplasma_cavigenitalium","","","","","","","36","","pleomorphic","","","","","","","","","","","","","","","","","","","","","","","","","","","","","","","","",""
"Mycoplasma_gallopavonis","","","","","","","27","","","","","","","","","","","","","","","","","","","","","","","","","","","","","","","","","","",""
"Picrophilus_oshimae","","","","","","","36","","cocci,irregular","","","","","","","","","","","","","","","","","","","","","","","","","","","","","","","","",""
"Spiroplasma_Lineolae","","","","","","","25","","filaments,helical","","","","","","","","","","","","","","","","","","","","","","","","","","","","","","","","",""
"Methanohalophilus_mahii","","","","","","","48.5","","","","","","","","","","","","","","","","","","","","","","","","","","","","","","","","","","",""
"Spiroplasma_culicicola","","","","","","","26.6","","nonhelical,helical,long","","","","","","","","","","","","","","","","","","","","","","","","","","","","","","","","",""
"Methanotorris_formicicus","","","","","","","","","pairs,singly,coccus,,irregular,long","","","","","","","","","","","","","","","","","","","","","","","","","","","","","","","","",""
"Natronolimnobius_innermongolicus","","","","","","","","","pleomorphic,cocci,disks","","","","","","","","","","","","","","","","","","","","","","","","","","","","","","","","",""
"Entomoplasma_freundtii","","","","","","","1","","coccoid,shape","","","","","","","","","","","","","","","","","","","","","","","","","","","","","","","","",""
"Methanoculleus_olentangyi","","","","","","","","","cocci,,irregular","","","","","","","","","","","","","","","","","","","","","","","","","","","","","","","","",""
"Synechococcus.rubescens.SAG_381","","","","","","","","","","","","","","","","","","","","","","","","","","","","","","","","","","","","","","","","","",""
"Halosarcina_pallida","","","","","","","65.4","","clusters,cocci","","","","","","","","","","","","","","","","","","","","","","","","","","","","","","","","",""
"Thermococcus_acidaminovorans","","","","","","","49","","","","","","","","","","","","","","","","","","","","","","","","","","","","","","","","","","",""
"Halorubrum_tibetense","","","","","","","63.3","","rod-shaped,irregular","","","","","","","","","","","","","","","","","","","","","","","","","","","","","","","","",""
"Pyrobaculum_oguniense","","","","","","","48","","rod-shaped,long","","","","","","","","","","","","","","","","","","","","","","","","","","","","","","","","",""
"Synechococcus.sp.PCC7942","","","","","","","","","","","","","","","","","","","","","","","","","","","","","","","","","","","","","","","","","",""
"Anaeroplasma_abactoclasticum","","","","","","","33.7","","short,coccoid,clusters,pleomorphic,filaments,dumbbell","","","","","","","","","","","","","","","","","","","","","","","","","","","","","","","","",""
"Aeropyrum_pernix","","","","","","","67","","coccoid,irregular","","","","","","","","","","","","","","","","","","","","","","","","","","","","","","","","",""
"Methanoregula_formicica","","","","","","","56.2","","coccoid,rod-shaped,,long","","","","","","","","","","","","","","","","","","","","","","","","","","","","","","","","",""
"Mycoplasma_leopharyngis","","","","","","","28","","pleomorphic","","","","","","","","","","","","","","","","","","","","","","","","","","","","","","","","",""
"Methanobacterium_congolense","","","","","","","0.3","","pairs,chains,aggregates,long,rods","","","","","","","","","","","","","","","","","","","","","","","","","","","","","","","","",""
"Methanothermococcus_okinawensis","","","","","","","","","pairs,singly,cocci,,irregular","","","","","","","","","","","","","","","","","","","","","","","","","","","","","","","","",""
"Ureaplasma_urealyticum","","","","","","","27-28","","","","","","","","","","","","","","","","","","","","","","","","","","","","","","","","","","",""
"Entomoplasma_lucivorax","","","","","","","1","","short,pleomorphic,coccoidal,filaments,unbranched,branched,subcoccoidal","","","","","","","","","","","","","","","","","","","","","","","","","","","","","","","","",""
"Spiroplasma_floricola","","","","","","","","","filaments,helical,long","","","","","","","","","","","","","","","","","","","","","","","","","","","","","","","","",""
"Acidiplasma_cupricumulans","","","","","","","","","rod-like,branched","","","","","","","","","","","","","","","","","","","","","","","","","","","","","","","","",""
"Mycoplamsa_muris","","","","","","","","","","","","","","","","","","","","","","","","","","","","","","","","","","","","","","","","","",""
"Methanohalophilus_zhilinae","","","","","","","38","","clumps,cocci,,irregular,tetrads","","","","","","","","","","","","","","","","","","","","","","","","","","","","","","","","",""
"Natrinema_altunense","","","","","","","65.6","","pleomorphic,rods","","","","","","","","","","","","","","","","","","","","","","","","","","","","","","","","",""
"Methanofollis_liminatans","","","","","","","60","","coccoid","","","","","","","","","","","","","","","","","","","","","","","","","","","","","","","","",""
"Haloarcula_argentinensis","","","","","","","62","","flat,disks,triangular","","","","","","","","","","","","","","","","","","","","","","","","","","","","","","","","",""
"Spiroplasma_sabaudiense","","","","","","","30","","","","","","","","","","","","","","","","","","","","","","","","","","","","","","","","","","",""
"Cyanobacterium.UCYN-A","","","","","","","","","","","","","","","","","","","","","","","","","","","","","","","","","","","","","","","","","",""
"Methanocalculus_chunghsingensis","","","","","","","50.0","","coccoid","","","","","","","","","","","","","","","","","","","","","","","","","","","","","","","","",""
"Natrinema_gari","","","","","","","65.4","","rods","","","","","","","","","","","","","","","","","","","","","","","","","","","","","","","","",""
"Thermococcus_gorgonarius","","","","","","","50.6","","cocci,irregular","","","","","","","","","","","","","","","","","","","","","","","","","","","","","","","","",""
"Spiroplasma_gladiatoris","","","","","","","1","","","","","","","","","","","","","","","","","","","","","","","","","","","","","","","","","","",""
"Microcystis.sp.T1-4","","","","","","","","","","","","","","","","","","","","","","","","","","","","","","","","","","","","","","","","","",""
"Methanobrevibacter_curvatus","","","","","","","","","pairs,singly,tapered,curved,rods","","","","","","","","","","","","","","","","","","","","","","","","","","","","","","","","",""
"Spiroplasma_mirum","","","","","","","","","filaments,helical","","","","","","","","","","","","","","","","","","","","","","","","","","","","","","","","",""
"Nostoc_commune","","","","","","","","","","","","","","","","","","","","","","","","","","","","","","","","","","","","","","","","","",""
"Halorubrum_sodomense","","","","","","","68","","rod-shaped,rods","","","","","","","","","","","","","","","","","","","","","","","","","","","","","","","","",""
"Methanolobus_oregonensis","","","","","","","40.9","","aggregates,cocci,,irregular","","","","","","","","","","","","","","","","","","","","","","","","","","","","","","","","",""
"Methanogenium_tatii","","","","","","","54","","regular,irregular,highly irregular","","","","","","","","","","","","","","","","","","","","","","","","","","","","","","","","",""
"Halococcus_dombrowskii","","","","","","","61.3","","clusters,cocci","","","","","","","","","","","","","","","","","","","","","","","","","","","","","","","","",""
"Methanomicrobium_mobile","","","","","","","","","","","","","","","","","","","","","","","","","","","","","","","","","","","","","","","","","",""
"Synechococcus.elongatus.PCC7942","","","","","","","","","","","","","","","","","","","","","","","","","","","","","","","","","","","","","","","","","",""
"Methanospirillum_lacunae","","","","","","","45.3,49.5","","wavy,curved,rods","","","","","","","","","","","","","","","","","","","","","","","","","","","","","","","","",""
"Microcystis.aeruginosa.PCC9432","","","","","","","","","","","","","","","","","","","","","","","","","","","","","","","","","","","","","","","","","",""
"Methanothermus_fervidus","","","","","","","","","pairs,filaments,singly,long","","","","","","","","","","","","","","","","","","","","","","","","","","","","","","","","",""
"Lyngbya.sp.PCC8106","","","","","","","","","","","","","","","","","","","","","","","","","","","","","","","","","","","","","","","","","",""
"Halobacterium_denitrificans","","","","","","","","","disk shaped,pleomorphic,disk,long","","","","","","","","","","","","","","","","","","","","","","","","","","","","","","","","",""
"Methanothermobacter_wolfeii","","","","","","","61","","pairs,singly,chains,crooked,cylindrical,long,rods","","","","","","","","","","","","","","","","","","","","","","","","","","","","","","","","",""
"Halosarcina_limi","","","","","","","61.2","","pleomorphic,cocci,rods","","","","","","","","","","","","","","","","","","","","","","","","","","","","","","","","",""
"Methanobacterium_ivanovii","","","","","","","","","short,singly,chains,curved,rods","","","","","","","","","","","","","","","","","","","","","","","","","","","","","","","","",""
"Methanothermobacter_thermoautotrophicus","","","","","","","49","","cylindrical,,filaments,rods,,crooked,long","","","","","","","","","","","","","","","","","","","","","","","","","","","","","","","","",""
"Asteroleplasma_anaerobium","","","","","","","","","","","","","","","","","","","","","","","","","","","","","","","","","","","","","","","","","",""
"Thermococcus_sp._Strain_AM4","","","","","","","","","","","","","","","","","","","","","","","","","","","","","","","","","","","","","","","","","",""
"Mycoplasma_leachii","","","","","","","25.4","","non-spiral,pleomorphic,filaments","","","","","","","","","","","","","","","","","","","","","","","","","","","","","","","","",""
"Natrinema_versiforme","","","","","","","","","","","","","","","","","","","","","","","","","","","","","","","","","","","","","","","","","",""
"Ignicoccus_islandicus","","","","","","","","","pairs,singly,cocci,irregular","","","","","","","","","","","","","","","","","","","","","","","","","","","","","","","","",""
"Spiroplasma_poulsonii","","","","","","","1","","filaments,helical","","","","","","","","","","","","","","","","","","","","","","","","","","","","","","","","",""
"Synechococcus_sp.SH-94-5","","","","","","","","","","","","","","","","","","","","","","","","","","","","","","","","","","","","","","","","","",""
"Tapinothrix_ozarkiana","","","","","","","","","constricted,coccoid,filaments,tapering,trichomes,long,isodiametric","","","","","","","","","","","","","","","","","","","","","","","","","","","","","","","","",""
"Haloterrigena_longa","","","","","","","63.2","","rod-shaped","","","","","","","","","","","","","","","","","","","","","","","","","","","","","","","","",""
"Spiroplasma_platyhelix","","","","","","","1","","filaments,helical,flattened","","","","","","","","","","","","","","","","","","","","","","","","","","","","","","","","",""
"Pyrococcus_sp._NA2","","","","","","","","","","","","","","","","","","","","","","","","","","","","","","","","","","","","","","","","","",""
"Archaeoglobus_veneficus","","","","","","","45","","pairs,singly,cocci,irregular,plate-shaped,lobes,triangular","","","","","","","","","","","","","","","","","","","","","","","","","","","","","","","","",""
"Methanoplanus_endosymbiosus","","","","","","","","","discs,regular,singly","","","","","","","","","","","","","","","","","","","","","","","","","","","","","","","","",""
"Methanosarcina_horonobensis","","","","","","","","","cocci,irregular","","","","","","","","","","","","","","","","","","","","","","","","","","","","","","","","",""
"Methanobacterium_alcaliphilum","","","","","","","57","","short,pairs,filaments,chains,long,rods","","","","","","","","","","","","","","","","","","","","","","","","","","","","","","","","",""
"Mycoplasma_pullorum","","","","","","","29","","","","","","","","","","","","","","","","","","","","","","","","","","","","","","","","","","",""
"Mycoplasma_sturni","","","","","","","31,870","","coccoid","","","","","","","","","","","","","","","","","","","","","","","","","","","","","","","","",""
"Thermosphaera_aggregans","","","","","","","46","","short,pairs,singly,chains,cocci,aggregates","","","","","","","","","","","","","","","","","","","","","","","","","","","","","","","","",""
"Spiroplasma_citri","","","","","","","26","","","","","","","","","","","","","","","","","","","","","","","","","","","","","","","","","","",""
"Haloferax_alexandrinus","","","","","","","59.5","","pleomorphic,rod-shaped,singly,cocci,irregular,square,triangular","","","","","","","","","","","","","","","","","","","","","","","","","","","","","","","","",""
"Mycoplasma_alligatoris","","","","","","","","","","","","","","","","","","","","","","","","","","","","","","","","","","","","","","","","","",""
"Mycoplasma_columbinasale","","","","","","","32","","","","","","","","","","","","","","","","","","","","","","","","","","","","","","","","","","",""
"Synechococcus.sp.C9","","","","","","","","","","","","","","","","","","","","","","","","","","","","","","","","","","","","","","","","","",""
"Halopiger_aswanensis","","","","","","","67.1","","short,pleomorphic,long,rods","","","","","","","","","","","","","","","","","","","","","","","","","","","","","","","","",""
"Anabaena_sp.PCC_7120","","","","","","","","","filamentous","","","","","","","","","","","","","","","","","","","","","","","","","","","","","","","","",""
"Haloferax_elongans","","","","","","","61.4","","short,pleomorphic,irregular,long,rods,elongated","","","","","","","","","","","","","","","","","","","","","","","","","","","","","","","","",""
"Halorubrum_terrestre","","","","","","","64.4,64.2","","pleomorphic,flat,disc-shaped","","","","","","","","","","","","","","","","","","","","","","","","","","","","","","","","",""
"Sulfolobus_acidocaldarius","","","","","","","61","","","","","","","","","","","","","","","","","","","","","","","","","","","","","","","","","","",""
"Nodularia.spumigena.NSOR10","","","","","","","","","","","","","","","","","","","","","","","","","","","","","","","","","","","","","","","","","",""
"Caldisphaera_lagunensis","","","","","","","31","","","","","","","","","","","","","","","","","","","","","","","","","","","","","","","","","","",""
"Halorubrum_alkaliphilum","","","","","","","62.1","","short,rods","","","","","","","","","","","","","","","","","","","","","","","","","","","","","","","","",""
"Entomoplasma_luminosum","","","","","","","28.8","","short,pleomorphic,coccoidal,filaments,unbranched,branched,subcoccoidal","","","","","","","","","","","","","","","","","","","","","","","","","","","","","","","","",""
"Synechococcus.elongatus.PCC6301","","","","","","","","","","","","","","","","","","","","","","","","","","","","","","","","","","","","","","","","","",""
"Ferroglobus_placidus","","","","","","","43","","coccoid,pairs,singly,aggregates,irregular","","","","","","","","","","","","","","","","","","","","","","","","","","","","","","","","",""
"Mastigocoleus_testarum","","","","","","","","","","","","","","","","","","","","","","","","","","","","","","","","","","","","","","","","","",""
"Sulfurisphaera_ohwakuensis","","","","","","","32.9","","","","","","","","","","","","","","","","","","","","","","","","","","","","","","","","","","",""
"Spiroplasma_ixodetis","","","","","","","25.0","","coccoid,filamentous,helical,branched","","","","","","","","","","","","","","","","","","","","","","","","","","","","","","","","",""
"Halopelagius_inordinatus","","","","","","","","","pleomorphic","","","","","","","","","","","","","","","","","","","","","","","","","","","","","","","","",""
"Methanobrevibacter_smithii","","","","","","","","","short,coccobacilli,tapered,rods,oval","","","","","","","","","","","","","","","","","","","","","","","","","","","","","","","","",""
"Methanopyrus_kandleri","","","","","","","","","singly,chains,long,rods","","","","","","","","","","","","","","","","","","","","","","","","","","","","","","","","",""
"Natronolimnobius_baerhuensis","","","","","","","","","rod-shaped,","","","","","","","","","","","","","","","","","","","","","","","","","","","","","","","","",""
"Prochlorococcus.marinus.str.MIT9313","","","","","","","","","","","","","","","","","","","","","","","","","","","","","","","","","","","","","","","","","",""
"Methanobacterium_veterum","","","","","","","33.8","","singly,chains,crooked,long","","","","","","","","","","","","","","","","","","","","","","","","","","","","","","","","",""
"Acidilobus_sulfurreducens","","","","","","","59.9","","coccoid,pairs,singly","","","","","","","","","","","","","","","","","","","","","","","","","","","","","","","","",""
"Synechococcus_sp._strain_MA19","","","","","","","","","","","","","","","","","","","","","","","","","","","","","","","","","","","","","","","","","",""
"Anabaena.variabilis.ATCC29413","","","","","","","","","filamentous","","","","","","","","","","","","","","","","","","","","","","","","","","","","","","","","",""
"Ureaplasma_cati","","","","","","","","","coccoid,filaments,coccobacillary","","","","","","","","","","","","","","","","","","","","","","","","","","","","","","","","",""
"Prochlorococcus.marinus.str.MIT9312","","","","","","","","","","","","","","","","","","","","","","","","","","","","","","","","","","","","","","","","","",""
"Thermococcus_fumicolans","","","","","","","55,54","","cocci,spherical","","","","","","","","","","","","","","","","","","","","","","","","","","","","","","","","",""
"Haloarcula_quadrata","","","","","","","60.1","","pleomorphic,flat","","","","","","","","","","","","","","","","","","","","","","","","","","","","","","","","",""
"Methanobacterium_espanolae","","","","","","","34.0","","chains,rods","","","","","","","","","","","","","","","","","","","","","","","","","","","","","","","","",""
"Thermococcus_onnurineus","","","","","","","52.0","","","","","","","","","","","","","","","","","","","","","","","","","","","","","","","","","","",""
"Mesoplasma_chauliocola","","","","","","","28.3","","coccoid","","","","","","","","","","","","","","","","","","","","","","","","","","","","","","","","",""
"Spiroplasma_melliferum","","","","","","","26","","nonhelical,pleomorphic,filaments,helical,long,spherical","","","","","","","","","","","","","","","","","","","","","","","","","","","","","","","","",""
"Vulcanisaeta_souniana","","","","","","","44.9","","","","","","","","","","","","","","","","","","","","","","","","","","","","","","","","","","",""
"Halorubrum_kocurii","","","","","","","69.4","","rod-shaped","","","","","","","","","","","","","","","","","","","","","","","","","","","","","","","","",""
"Vulcanisaeta_moutnovskia","","","","","","","","","long,rods","","","","","","","","","","","","","","","","","","","","","","","","","","","","","","","","",""
"Thermococcus_marinus","","","","","","","52.3","","cocci","","","","","","","","","","","","","","","","","","","","","","","","","","","","","","","","",""
"Geoglobus_ahangari","","","","","","","","","","","","","","","","","","","","","","","","","","","","","","","","","","","","","","","","","",""
"Spiroplasma_taiwanense","","","","","","","","","","","","","","","","","","","","","","","","","","","","","","","","","","","","","","","","","",""
"Methanogenium_cariaci","","","","","","","52","","irregular,highly irregular","","","","","","","","","","","","","","","","","","","","","","","","","","","","","","","","",""
"Methanolobus_siciliae","","","","","","","42","","coccoid,singly,aggregates,irregular","","","","","","","","","","","","","","","","","","","","","","","","","","","","","","","","",""
"Natronorubrum_bangense","","","","","","","59.9","","pleomorphic,","","","","","","","","","","","","","","","","","","","","","","","","","","","","","","","","",""
"Hyperthermus_butylicus","","","","","","","56","","long","","","","","","","","","","","","","","","","","","","","","","","","","","","","","","","","",""
"Mycoplasma_lipophilum","","","","","","","","","","","","","","","","","","","","","","","","","","","","","","","","","","","","","","","","","",""
"Thermococcus_tadjuricus","","","","","","","","","","","","","","","","","","","","","","","","","","","","","","","","","","","","","","","","","",""
"Microcoleus.chthonoplastes.PCC7420","","","","","","","","","","","","","","","","","","","","","","","","","","","","","","","","","","","","","","","","","",""
"Mycoplasma_simbae","","","","","","","37","","pleomorphic","","","","","","","","","","","","","","","","","","","","","","","","","","","","","","","","",""
"Acidianus_brierleyi","","","","","","","","","","","","","","","","","","","","","","","","","","","","","","","","","","","","","","","","","",""
"Thermoproteus_neutrophilus","","","","","","","","","","","","","","","","","","","","","","","","","","","","","","","","","","","","","","","","","",""
"Cyanothece.sp.PCC7425","","","","","","","","","coccoid,cylindrical,shape,unicellular,oval","","","","","","","","","","","","","","","","","","","","","","","","","","","","","","","","",""
"Methanocalculus_taiwanensis","","","","","","","","","coccoid,irregular","","","","","","","","","","","","","","","","","","","","","","","","","","","","","","","","",""
"Mesoplasma_corruscae","","","","","","","26.4","","coccoid","","","","","","","","","","","","","","","","","","","","","","","","","","","","","","","","",""
"Acidilobus_saccharovorans","","","","","","","54.5","","regular,cocci,,irregular","","","","","","","","","","","","","","","","","","","","","","","","","","","","","","","","",""
"Cyanothece.sp.PCC7424","","","","","","","","","cylindrical,unicellular,oval","","","","","","","","","","","","","","","","","","","","","","","","","","","","","","","","",""
"Spiroplasma_penaei","","","","","","","","","filaments,helical","","","","","","","","","","","","","","","","","","","","","","","","","","","","","","","","",""
"Acholeplasma_palmae","","","","","","","30.0","","coccoid","","","","","","","","","","","","","","","","","","","","","","","","","","","","","","","","",""
"Caldivirga_maquilingensis","","","","","","","43","","","","","","","","","","","","","","","","","","","","","","","","","","","","","","","","","","",""
"Methanoculleus_bourgensis","","","","","","","59","","cocci,irregular,","","","","","","","","","","","","","","","","","","","","","","","","","","","","","","","","",""
"Thermococcus_zilligii","","","","","","","","","","","","","","","","","","","","","","","","","","","","","","","","","","","","","","","","","",""
"Spiroplasma_clarkii","","","","","","","1","","filamentous,helical","","","","","","","","","","","","","","","","","","","","","","","","","","","","","","","","",""
"Caldisphaera_draconis","","","","","","","53.9","","coccoid,spherical","","","","","","","","","","","","","","","","","","","","","","","","","","","","","","","","",""
"Acidianus_tengchongensis","","","","","","","","","cocci,irregular","","","","","","","","","","","","","","","","","","","","","","","","","","","","","","","","",""
"Marsacia_ferruginose","","","","","","","","","short,filaments,cylindrical,irregular,elongated","","","","","","","","","","","","","","","","","","","","","","","","","","","","","","","","",""
"Anaeroplasma_intermedium","","","","","","","32.5","","","","","","","","","","","","","","","","","","","","","","","","","","","","","","","","","","",""
"Methanocalculus_pumilus","","","","","","","51.9","","singly,cocci,irregular","","","","","","","","","","","","","","","","","","","","","","","","","","","","","","","","",""
"Natronobacterium_vacuolata","","","","","","","62.7","","short,rods,spherical","","","","","","","","","","","","","","","","","","","","","","","","","","","","","","","","",""
"Halogranum_rubrum","","","","","","","55.7","","short,rods,polymorphic","","","","","","","","","","","","","","","","","","","","","","","","","","","","","","","","",""
"Halalkalicoccus_tibetensis","","","","","","","61.5","","clusters,pairs,singly,irregular","","","","","","","","","","","","","","","","","","","","","","","","","","","","","","","","",""
"Raphidiopsis.brookii.D9","","","","","","","","","","","","","","","","","","","","","","","","","","","","","","","","","","","","","","","","","",""
"Metallosphaera_cuprina","","","","","","","40.2","","cocci,irregular","","","","","","","","","","","","","","","","","","","","","","","","","","","","","","","","",""
"Methanobacterium_flexile","","","","","","","37.3,36.4","","chains,long,rods","","","","","","","","","","","","","","","","","","","","","","","","","","","","","","","","",""
"Thermococcus_kodakarensis","","","","","","","38","","pairs,cocci,irregular","","","","","","","","","","","","","","","","","","","","","","","","","","","","","","","","",""
"Methanolacinia_paynteri","","","","","","","","","coccoid,filaments,singly,irregular,shape,rods","","","","","","","","","","","","","","","","","","","","","","","","","","","","","","","","",""
"Spiroplasma_cantharicola","","","","","","","26","","filamentous","","","","","","","","","","","","","","","","","","","","","","","","","","","","","","","","",""
"Halorubrum_ezzemoulense","","","","","","","61.9","","pleomorphic,rods","","","","","","","","","","","","","","","","","","","","","","","","","","","","","","","","",""
"Methanolobus_profundi","","","","","","","42.4","","pairs,singly,cocci,aggregates,irregular","","","","","","","","","","","","","","","","","","","","","","","","","","","","","","","","",""
"Methanobrevibacter_acididurans","","","","","","","","","pairs,singly,chains,cocci","","","","","","","","","","","","","","","","","","","","","","","","","","","","","","","","",""
"Methanosalsum_zhilinae","","","","","","","40.1","","","","","","","","","","","","","","","","","","","","","","","","","","","","","","","","","","",""
"Prochlorococcus.marinus.str.MIT9303","","","","","","","","","","","","","","","","","","","","","","","","","","","","","","","","","","","","","","","","","",""
"Mycoplasma_synoviae","","","","","","","34","","","","","","","","","","","","","","","","","","","","","","","","","","","","","","","","","","",""
"Mesoplasma_tabanidae","","","","","","","28.3","","coccoid","","","","","","","","","","","","","","","","","","","","","","","","","","","","","","","","",""
"Synechococcus.sp.BL107","","","","","","","","","","","","","","","","","","","","","","","","","","","","","","","","","","","","","","","","","",""
"Methanocorpusculum_labreanum","","","","","","","","","coccoid","","","","","","","","","","","","","","","","","","","","","","","","","","","","","","","","",""
"Halorussus_rarus","","","","","","","66.1","","rod shaped","","","","","","","","","","","","","","","","","","","","","","","","","","","","","","","","",""
"Acidianus_manzaensis","","","","","","","29.9","","regular,cocci","","","","","","","","","","","","","","","","","","","","","","","","","","","","","","","","",""
"Prochlorococcus.marinus.str.MIT9301","","","","","","","","","","","","","","","","","","","","","","","","","","","","","","","","","","","","","","","","","",""
"Halovivax_asiaticus","","","","","","","60.3","","rod-shaped,pleomorphic","","","","","","","","","","","","","","","","","","","","","","","","","","","","","","","","",""
"Mycoplasma_penetrans","","","","","","","30.5","","flask,flask shaped,chains,elongated","","","","","","","","","","","","","","","","","","","","","","","","","","","","","","","","",""
"Methanothermobacter_marburgensis","","","","","","","48,52","","pairs,chains,cylindrical,long,rods","","","","","","","","","","","","","","","","","","","","","","","","","","","","","","","","",""
"Thermogymnomonas_acidicola","","","","","","","56.1,56","","pleomorphic,cocci,irregular","","","","","","","","","","","","","","","","","","","","","","","","","","","","","","","","",""
"Mycoplasma_mycoides_subsp._capri","","","","","","","23.0,24.0","","","","","","","","","","","","","","","","","","","","","","","","","","","","","","","","","","",""
"Spiroplasma_helicoides","","","","","","","1","","","","","","","","","","","","","","","","","","","","","","","","","","","","","","","","","","",""
"Cyanothece.sp.PCC7822","","","","","","","","","cylindrical,unicellular,oval","","","","","","","","","","","","","","","","","","","","","","","","","","","","","","","","",""
"Methanosarcina_lacustris","","","","","","","43.4","","cocci,aggregates,irregular","","","","","","","","","","","","","","","","","","","","","","","","","","","","","","","","",""
"Spiroplasma_turonicum","","","","","","","1","","filaments,helical","","","","","","","","","","","","","","","","","","","","","","","","","","","","","","","","",""
"Methanobrevibacter_wolinii","","","","","","","33","","short,coccobacillus,pairs,chains,tapered","","","","","","","","","","","","","","","","","","","","","","","","","","","","","","","","",""
"Methanoculleus_palmolei","","","","","","","59,59.5","","coccoid","","","","","","","","","","","","","","","","","","","","","","","","","","","","","","","","",""
"Haloarcula_salaria","","","","","","","61.6","","pleomorphic,rods,","","","","","","","","","","","","","","","","","","","","","","","","","","","","","","","","",""
"Methanobrevibacter_thaueri","","","","","","","38","","short,coccobacillus,pairs,chains,tapered,elongated","","","","","","","","","","","","","","","","","","","","","","","","","","","","","","","","",""
"Prochlorococcus.marinus.str.MIT9215","","","","","","","","","","","","","","","","","","","","","","","","","","","","","","","","","","","","","","","","","",""
"Methanoplanus_petrolearius","","","","","","","","","pairs,singly,irregular,disc-shaped","","","","","","","","","","","","","","","","","","","","","","","","","","","","","","","","",""
"Sulfophobococcus_zilligii","","","","","","","54","","filaments,regular,cocci,irregular","","","","","","","","","","","","","","","","","","","","","","","","","","","","","","","","",""
"Haloferax_lucentensis","","","","","","","64.5","","pleomorphic,rods","","","","","","","","","","","","","","","","","","","","","","","","","","","","","","","","",""
"Mesoplasma_grammopterae","","","","","","","29.1","","coccoid","","","","","","","","","","","","","","","","","","","","","","","","","","","","","","","","",""
"Methanocorpusculum_bavaricum","","","","","","","47.7,51","","coccoid,singly,irregular","","","","","","","","","","","","","","","","","","","","","","","","","","","","","","","","",""
"Mycoplasma_molare","","","","","","","","","","","","","","","","","","","","","","","","","","","","","","","","","","","","","","","","","",""
"Halomarina_oriensis","","","","","","","67.7","","discs,pairs,singly,cocci,irregular","","","","","","","","","","","","","","","","","","","","","","","","","","","","","","","","",""
"Methanocorpusculum_spp.","","","","","","","","","cocci,irregular","","","","","","","","","","","","","","","","","","","","","","","","","","","","","","","","",""
"Halobacterium_volcanii","","","","","","","","","","","","","","","","","","","","","","","","","","","","","","","","","","","","","","","","","",""
"Tapinothrix_clintonii","","","","","","","","","filaments,long,taper","","","","","","","","","","","","","","","","","","","","","","","","","","","","","","","","",""
"Rubidibacter_lacunae","","","","","","","60.5","","rod-shaped,unicellular","","","","","","","","","","","","","","","","","","","","","","","","","","","","","","","","",""
"Methermicoccus_shengliensis","","","","","","","56","","clusters,cocci","","","","","","","","","","","","","","","","","","","","","","","","","","","","","","","","",""
"Methanococcus_deltae","","","","","","","40.5","","cocci,,irregular","","","","","","","","","","","","","","","","","","","","","","","","","","","","","","","","",""
"Methanolinea_tarda","","","","","","","56.3","","filaments","","","","","","","","","","","","","","","","","","","","","","","","","","","","","","","","",""
"Haloferax_mucosum","","","","","","","60.8","","","","","","","","","","","","","","","","","","","","","","","","","","","","","","","","","","",""
"Methanobacterium_palustre","","","","","","","34","","rod-shaped,filaments","","","","","","","","","","","","","","","","","","","","","","","","","","","","","","","","",""
"Spiroplasma_velocicrescens","","","","","","","27.5","","filaments,helical","","","","","","","","","","","","","","","","","","","","","","","","","","","","","","","","",""
"Pyrococcus_glycovorans","","","","","","","0.5","","cocci","","","","","","","","","","","","","","","","","","","","","","","","","","","","","","","","",""
"Synechococcus.sp.WH7803","","","","","","","","","","","","","","","","","","","","","","","","","","","","","","","","","","","","","","","","","",""
"Ferroplasma_thermophilum","","","","","","","","","sphere-shaped,","","","","","","","","","","","","","","","","","","","","","","","","","","","","","","","","",""
"Methanolobus_bombayensis","","","","","","","39.2","","singly,irregular","","","","","","","","","","","","","","","","","","","","","","","","","","","","","","","","",""
"Spiroplasma_phoeniceum","","","","","","","26","","","","","","","","","","","","","","","","","","","","","","","","","","","","","","","","","","",""
"Natrinema_pallidum","","","","","","","","","pleomorphic,rod-shaped","","","","","","","","","","","","","","","","","","","","","","","","","","","","","","","","",""
"Mesoplasma_syrphidae","","","","","","","27.6","","coccoid","","","","","","","","","","","","","","","","","","","","","","","","","","","","","","","","",""
"Synechococcus.sp.WH7805","","","","","","","","","","","","","","","","","","","","","","","","","","","","","","","","","","","","","","","","","",""
"Ferroplasma_acidarmanus","","","","","","","36.8","","","","","","","","","","","","","","","","","","","","","","","","","","","","","","","","","","",""
"Fervidicoccus_fontis","","","","","","","37","","regular,cocci","","","","","","","","","","","","","","","","","","","","","","","","","","","","","","","","",""
"Mycoplasma_lipofaciens","","","","","","","24.5","","oval","","","","","","","","","","","","","","","","","","","","","","","","","","","","","","","","",""
"Scytonema.hofmanni.PCC7110","","","","","","","","","","","","","","","","","","","","","","","","","","","","","","","","","","","","","","","","","",""
"Haloarchaeobius_iranensis","","","","","","","67.7","","rods","","","","","","","","","","","","","","","","","","","","","","","","","","","","","","","","",""
"Spirulina_laxissima","","","","","","","","","","","","","","","","","","","","","","","","","","","","","","","","","","","","","","","","","",""
"Spirulina_labyrinthiformis","","","","","","","","","","","","","","","","","","","","","","","","","","","","","","","","","","","","","","","","","",""
"Methanosaeta_harundinacea","","","","","","","55.7","","rod-shaped,long","","","","","","","","","","","","","","","","","","","","","","","","","","","","","","","","",""
"Methanothermococcus_thermolithotrophicus","","","","","","","","","pairs,regular,singly,cocci,irregular","","","","","","","","","","","","","","","","","","","","","","","","","","","","","","","","",""
"Methanothermobacter_defluvii","","","","","","","62.2","","filamentous,crooked,curved,long,rods","","","","","","","","","","","","","","","","","","","","","","","","","","","","","","","","",""
"Methanoculleus_chikugoensis","","","","","","","","","coccoid","","","","","","","","","","","","","","","","","","","","","","","","","","","","","","","","",""
"Thermococcus_waiotapuensis","","","","","","","50.4","","","","","","","","","","","","","","","","","","","","","","","","","","","","","","","","","","",""
"Halomicrobium_zhouii","","","","","","","69.1","","pleomorphic,irregular,rods","","","","","","","","","","","","","","","","","","","","","","","","","","","","","","","","",""
"Mycoplasma_imitans","","","","","","","31.9","","flaskshaped,oval","","","","","","","","","","","","","","","","","","","","","","","","","","","","","","","","",""
"Mesoplasma_florum","","","","","","","27.3","","ovoid","","","","","","","","","","","","","","","","","","","","","","","","","","","","","","","","",""
"Halorientalis_regularis","","","","","","","61.9","","","","","","","","","","","","","","","","","","","","","","","","","","","","","","","","","","",""
"Mycoplasma_leocaptivus","","","","","","","27","","pleomorphic","","","","","","","","","","","","","","","","","","","","","","","","","","","","","","","","",""
"Methanococcus_vannielii","","","","","","","","","cocci,,irregular","","","","","","","","","","","","","","","","","","","","","","","","","","","","","","","","",""
"Mycoplasma_capricolum_subsp._capricolum","","","","","","","24.4","","","","","","","","","","","","","","","","","","","","","","","","","","","","","","","","","","",""
"Mycoplasma_capricolum_subsp._capripneumoniae","","","","","","","","","","","","","","","","","","","","","","","","","","","","","","","","","","","","","","","","","",""
"Methanococcus_frisius","","","","","","","","","pairs,regular,singly,cocci,aggregates","","","","","","","","","","","","","","","","","","","","","","","","","","","","","","","","",""
"Acidianus_sulfidivorans","","","","","","","31.1","","","","","","","","","","","","","","","","","","","","","","","","","","","","","","","","","","",""
"Halostagnicola_larsenii","","","","","","","","","pleomorphic,rod-shaped,long","","","","","","","","","","","","","","","","","","","","","","","","","","","","","","","","",""
"Methanosarcina_vacuolata","","","","","","","","","polygonal,aggregates,packets,spherical","","","","","","","","","","","","","","","","","","","","","","","","","","","","","","","","",""
"Spiroplasma_leptinotarsae","","","","","","","25","","","","","","","","","","","","","","","","","","","","","","","","","","","","","","","","","","",""
"Methanococcus_aeolicus","","","","","","","32","","coccoid,singly,","","","","","","","","","","","","","","","","","","","","","","","","","","","","","","","","",""
"Haloterrigena_hispanica","","","","","","","62.0","","coccoid,oval","","","","","","","","","","","","","","","","","","","","","","","","","","","","","","","","",""
"Methanolobus_psychrophilus","","","","","","","44.9","","aggregates","","","","","","","","","","","","","","","","","","","","","","","","","","","","","","","","",""
"Spiroplasma_montanense","","","","","","","1","","filaments,helical","","","","","","","","","","","","","","","","","","","","","","","","","","","","","","","","",""
"Methanogenium_boonei","","","","","","","","","singly,cocci,irregular","","","","","","","","","","","","","","","","","","","","","","","","","","","","","","","","",""
"Thermococcus_sp._Strain_4557","","","","","","","","","","","","","","","","","","","","","","","","","","","","","","","","","","","","","","","","","",""
"Thermococcus_pacificus","","","","","","","53.3","","cocci,irregular","","","","","","","","","","","","","","","","","","","","","","","","","","","","","","","","",""
"Halorubrum_lipolyticum","","","","","","","65.9","","rod-shaped","","","","","","","","","","","","","","","","","","","","","","","","","","","","","","","","",""
"Nostoc.punctiforme.PCC73102","","","","","","","","","","","","","","","","","","","","","","","","","","","","","","","","","","","","","","","","","",""
"Haloarcula_mukohataei","","","","","","","65","","","","","","","","","","","","","","","","","","","","","","","","","","","","","","","","","","",""
"Methanococcus_igneus","","","","","","","","","pairs,cocci,irregular","","","","","","","","","","","","","","","","","","","","","","","","","","","","","","","","",""
"Trichodesmium.erythraeum.IMS101","","","","","","","","","","","","","","","","","","","","","","","","","","","","","","","","","","","","","","","","","",""
"Methanosarcina_thermophila","","","","","","","","","aggregates,irregular","","","","","","","","","","","","","","","","","","","","","","","","","","","","","","","","",""
"Methanomethylovorans_thermophila","","","","","","","","","coccoid,clusters,singly,irregular","","","","","","","","","","","","","","","","","","","","","","","","","","","","","","","","",""
"Halovenus_aranensis","","","","","","","61.0","","","","","","","","","","","","","","","","","","","","","","","","","","","","","","","","","","",""
"Thermococcus_litoralis","","","","","","","38","","pairs,regular,singly,irregular","","","","","","","","","","","","","","","","","","","","","","","","","","","","","","","","",""
"Mycoplasma_mobile","","","","","","","","","flask,hemispherical,flask shaped,ovoid,elongated","","","","","","","","","","","","","","","","","","","","","","","","","","","","","","","","",""
"Halospirulina_tapeticola","","","","","","","","","","","","","","","","","","","","","","","","","","","","","","","","","","","","","","","","","",""
"Methanobrevibacter_filiformis","","","","","","","","","filaments,tapered,long,rods","","","","","","","","","","","","","","","","","","","","","","","","","","","","","","","","",""
"Thermococcus_barophilus","","","","","","","37.1","","regular,cocci,irregular","","","","","","","","","","","","","","","","","","","","","","","","","","","","","","","","",""
"Methanomassiliicoccus_luminyensis","","","","","","","59.93","","regular,cocci","","","","","","","","","","","","","","","","","","","","","","","","","","","","","","","","",""
"Methanobacterium_beijingense","","","","","","","38.9","","rod-shaped","","","","","","","","","","","","","","","","","","","","","","","","","","","","","","","","",""
"Archaeoglobus_sulfaticallidus","","","","","","","42","","short,triangles,singly,chains,pairs,,irregular,lobes","","","","","","","","","","","","","","","","","","","","","","","","","","","","","","","","",""
"Thermococcus_guaymasensis","","","","","","","46.0","","diploid,coccoid","","","","","","","","","","","","","","","","","","","","","","","","","","","","","","","","",""
"Spiroplasma_kunkelii","","","","","","","26","","nonhelical,pleomorphic,filaments,helical,long,spherical","","","","","","","","","","","","","","","","","","","","","","","","","","","","","","","","",""
"Gloeobacter.violaceus.PCC7421","","","","","","","","","","","","","","","","","","","","","","","","","","","","","","","","","","","","","","","","","",""
"Mycoplasma_testudineum","","","","","","","","","coccoid,shape","","","","","","","","","","","","","","","","","","","","","","","","","","","","","","","","",""
"Prochlorococcus.marinus.str.MIT9515","","","","","","","","","","","","","","","","","","","","","","","","","","","","","","","","","","","","","","","","","",""
"Methanospirillum_hungatei","","","","","","","45â€“49.5,49.5","","wavy,filaments,long,curved,rods","","","","","","","","","","","","","","","","","","","","","","","","","","","","","","","","",""
"Entomoplasma_melaleucae","","","","","","","","","nonhelical,filamentous,pleomorphic,coccoidal,subcoccoidal","","","","","","","","","","","","","","","","","","","","","","","","","","","","","","","","",""
"Methanothermobacter_tenebrarum","","","","","","","41.5","","pairs,rods","","","","","","","","","","","","","","","","","","","","","","","","","","","","","","","","",""
"Spiroplasma_diminutum","","","","","","","26","","short,spheroidal,filaments,helical","","","","","","","","","","","","","","","","","","","","","","","","","","","","","","","","",""
"Thermococcus_aggregans","","","","","","","42.0","","coccoid","","","","","","","","","","","","","","","","","","","","","","","","","","","","","","","","",""
"Nostoc.sp.PCC7120","","","","","","","","","filamentous","","","","","","","","","","","","","","","","","","","","","","","","","","","","","","","","",""
"Thermococcus_radiotolerans","","","","","","","54.5","","cocci","","","","","","","","","","","","","","","","","","","","","","","","","","","","","","","","",""
"Methanoculleus_thermophilus","","","","","","","59,55","","","","","","","","","","","","","","","","","","","","","","","","","","","","","","","","","","",""
"Pyrococcus_yayanosii","","","","","","","49,49.0","","cocci,irregular","","","","","","","","","","","","","","","","","","","","","","","","","","","","","","","","",""
"Pyrococcus_sp._HT3","","","","","","","43","","singly,cocci","","","","","","","","","","","","","","","","","","","","","","","","","","","","","","","","",""
"Natronomonas_moolapensis","","","","","","","","","short,rods","","","","","","","","","","","","","","","","","","","","","","","","","","","","","","","","",""
"Halalkalicoccus_jeotgali","","","","","","","63.2","","cocci","","","","","","","","","","","","","","","","","","","","","","","","","","","","","","","","",""
"Methanobrevibacter_cuticularis","","","","","","","","","short,pairs,singly,chains,tapered,rods","","","","","","","","","","","","","","","","","","","","","","","","","","","","","","","","",""
"Methanohalobium_evestigatum","","","","","","","37","","","","","","","","","","","","","","","","","","","","","","","","","","","","","","","","","","",""
"Methanotorris_igneus","","","","","","","31","","regular,irregular,coccus","","","","","","","","","","","","","","","","","","","","","","","","","","","","","","","","",""
"Aphanizomenon.ovalisporum","","","","","","","","","filamentous,filaments,trichomes,trichome,curved,long,spherical,elongated","","","","","","","","","","","","","","","","","","","","","","","","","","","","","","","","",""
"Methanobacterium_movens","","","","","","","39.5,39.1","","pairs,singly,rods","","","","","","","","","","","","","","","","","","","","","","","","","","","","","","","","",""
"Ignicoccus_hospitalis","","","","","","","56","","pairs,singly,cocci,irregular","","","","","","","","","","","","","","","","","","","","","","","","","","","","","","","","",""
"Haloferax_prahovense","","","","","","","63.7","","","","","","","","","","","","","","","","","","","","","","","","","","","","","","","","","","",""
"Ignisphaera_aggregans","","","","","","","52.9","","pairs,regular,singly,cocci,aggregates,irregular","","","","","","","","","","","","","","","","","","","","","","","","","","","","","","","","",""
"Methanobacterium_arcticum","","","","","","","38.1","","coccoid,filaments,curved,long,rods","","","","","","","","","","","","","","","","","","","","","","","","","","","","","","","","",""
"Methanofollis_ethanolicus","","","","","","","60.9","","cocci,irregular","","","","","","","","","","","","","","","","","","","","","","","","","","","","","","","","",""
"Synechococcus.sp.CC9311","","","","","","","","","","","","","","","","","","","","","","","","","","","","","","","","","","","","","","","","","",""
"Methanospirillurn_hungatii","","","","","","","45","","filaments,curved,long,rods","","","","","","","","","","","","","","","","","","","","","","","","","","","","","","","","",""
"Synechococcus.sp.CB0205","","","","","","","","","","","","","","","","","","","","","","","","","","","","","","","","","","","","","","","","","",""
"Methanolobus_taylorii","","","","","","","40.8","","coccoid,clumps","","","","","","","","","","","","","","","","","","","","","","","","","","","","","","","","",""
"Methanococcus_maripaludis","","","","","","","33","","cocci,,irregular,coccus","","","","","","","","","","","","","","","","","","","","","","","","","","","","","","","","",""
"Nostoc.sp.PCC7107","","","","","","","","","filaments,unbranched","","","","","","","","","","","","","","","","","","","","","","","","","","","","","","","","",""
"Spiroplasma_chinense","","","","","","","1","","helical","","","","","","","","","","","","","","","","","","","","","","","","","","","","","","","","",""
"Methanobacterium_subterraneum","","","","","","","54.5","","chains,aggregates,rods","","","","","","","","","","","","","","","","","","","","","","","","","","","","","","","","",""
"Mycoplasma_cottewii","","","","","","","27.0","","","","","","","","","","","","","","","","","","","","","","","","","","","","","","","","","","",""
"Mycoplasma_moatsii","","","","","","","","","","","","","","","","","","","","","","","","","","","","","","","","","","","","","","","","","",""
"Halobacterium_piscisalsi","","","","","","","65.5","","","","","","","","","","","","","","","","","","","","","","","","","","","","","","","","","","",""
"Methanosphaera_stadtmaniae","","","","","","","","","clusters,pairs,tetrads","","","","","","","","","","","","","","","","","","","","","","","","","","","","","","","","",""
"Pseudanabaena.sp.PCC6903","","","","","","","","","filamentous","","","","","","","","","","","","","","","","","","","","","","","","","","","","","","","","",""
"Synechococcus.sp.PCC7002","","","","","","","","","","","","","","","","","","","","","","","","","","","","","","","","","","","","","","","","","",""
"Methanobacterium_thermoalcaliphilum","","","","","","","38.8","","singly,chains,long,rods","","","","","","","","","","","","","","","","","","","","","","","","","","","","","","","","",""
"Methanococcoides_methylutens","","","","","","","","","coccoid","","","","","","","","","","","","","","","","","","","","","","","","","","","","","","","","",""
"Halarchaeum_acidiphilum","","","","","","","61.4","","","","","","","","","","","","","","","","","","","","","","","","","","","","","","","","","","",""
"Methanocaldococcus_fervens","","","","","","","33","","regular,cocci,irregular","","","","","","","","","","","","","","","","","","","","","","","","","","","","","","","","",""
"Methanosarcina_mazei","","","","","","","42","","coccoid,aggregates,clumps,irregular","","","","","","","","","","","","","","","","","","","","","","","","","","","","","","","","",""
"Methanobacterium_petrolearium","","","","","","","38.3","","long,rods","","","","","","","","","","","","","","","","","","","","","","","","","","","","","","","","",""
"Metallosphaera_hakonensis","","","","","","","38.4","","cocci,lobed","","","","","","","","","","","","","","","","","","","","","","","","","","","","","","","","",""
"Symploca_sp.1013","","","","","","","","","","","","","","","","","","","","","","","","","","","","","","","","","","","","","","","","","",""
"Halorubrum_litoreum","","","","","","","64.9","","rod-shaped","","","","","","","","","","","","","","","","","","","","","","","","","","","","","","","","",""
"Halorubellus_salinus","","","","","","","67.3","","pleomorphic","","","","","","","","","","","","","","","","","","","","","","","","","","","","","","","","",""
"Archaeoglobus_infectus","","","","","","","46.0","","cocci,irregular","","","","","","","","","","","","","","","","","","","","","","","","","","","","","","","","",""
"Methanobrevibacter_oralis","","","","","","","28","","short,pairs,chains,tapered,rods,oval","","","","","","","","","","","","","","","","","","","","","","","","","","","","","","","","",""
"Synechococcus_BO_8807","","","","","","","","","","","","","","","","","","","","","","","","","","","","","","","","","","","","","","","","","",""
"Picrophilus_torridus","","","","","","","36","","","","","","","","","","","","","","","","","","","","","","","","","","","","","","","","","","",""
"Methanomethylovorans_hollandica","","","","","","","","","coccoid,clusters,cocci,packets,aggregates,irregular","","","","","","","","","","","","","","","","","","","","","","","","","","","","","","","","",""
"Thermococcus_chitonophagus","","","","","","","46.5","","cocci,irregular","","","","","","","","","","","","","","","","","","","","","","","","","","","","","","","","",""
"Desulfurococcus_kamchatkensis","","","","","","","44.4","","cocci,","","","","","","","","","","","","","","","","","","","","","","","","","","","","","","","","",""
"Haloquadratum_walsbyi","","","","","","","46.9","","pleomorphic,flat,square","","","","","","","","","","","","","","","","","","","","","","","","","","","","","","","","",""
"Methanobrevibacter_ruminantium","","","","","","","","","","","","","","","","","","","","","","","","","","","","","","","","","","","","","","","","","",""
"Methanocella_paludicola","","","","","","","56.6","","coccoid,rod-shaped,singly","","","","","","","","","","","","","","","","","","","","","","","","","","","","","","","","",""
"Haloterrigena_salina","","","","","","","67.0","","clusters,,coccoid,,pairs,irregular","","","","","","","","","","","","","","","","","","","","","","","","","","","","","","","","",""
"Oscillatoria.sp.PCC6506","","","","","","","","","","","","","","","","","","","","","","","","","","","","","","","","","","","","","","","","","",""
"Methanosaeta_thermophila","","","","","","","","","filaments,flat,long,rods","","","","","","","","","","","","","","","","","","","","","","","","","","","","","","","","",""
"Stygiolobus_azoricus","","","","","","","38","","singly,aggregates,lobed","","","","","","","","","","","","","","","","","","","","","","","","","","","","","","","","",""
"Thermococcus_gammatolerans","","","","","","","","","cocci","","","","","","","","","","","","","","","","","","","","","","","","","","","","","","","","",""
"Halobacterium_noricense","","","","","","","54.5","","","","","","","","","","","","","","","","","","","","","","","","","","","","","","","","","","",""
"Methanothermobacter_thermautotrophicus","","","","","","","48-50","","filaments,crooked,cylindrical,long,rods","","","","","","","","","","","","","","","","","","","","","","","","","","","","","","","","",""
"Halopiger_xanaduensis","","","","","","","63.1","","long","","","","","","","","","","","","","","","","","","","","","","","","","","","","","","","","",""
"Arthrospira.sp.PCC8005","","","","","","","","","","","","","","","","","","","","","","","","","","","","","","","","","","","","","","","","","",""
"Nodularia.harveyana.CCAP_1452_1","","","","","","","","","","","","","","","","","","","","","","","","","","","","","","","","","","","","","","","","","",""
"Haloterrigena_saccharevitans","","","","","","","66.6","","coccoid,rod-shaped","","","","","","","","","","","","","","","","","","","","","","","","","","","","","","","","",""
"Methanoculleus_marisnigri","","","","","","","","","cocci,irregular","","","","","","","","","","","","","","","","","","","","","","","","","","","","","","","","",""
"Spiroplasma_insolitum","","","","","","","1","","filaments,helical,long","","","","","","","","","","","","","","","","","","","","","","","","","","","","","","","","",""
"Methanoculleus_hydrogenitrophicus","","","","","","","60.2","","irregular","","","","","","","","","","","","","","","","","","","","","","","","","","","","","","","","",""
"Natronorubrum_sediminis","","","","","","","62.5","","","","","","","","","","","","","","","","","","","","","","","","","","","","","","","","","","",""
"Pyrobaculum_organotrophum","","","","","","","44-48","","singly,aggregates,long,terminal spheres,rods","","","","","","","","","","","","","","","","","","","","","","","","","","","","","","","","",""
"Natrinema_salaciae","","","","","","","63.0","","coccoid,pleomorphic,rods","","","","","","","","","","","","","","","","","","","","","","","","","","","","","","","","",""
"Halobellus_clavatus","","","","","","","61.5â€“62.4,61.5","","rod-shaped","","","","","","","","","","","","","","","","","","","","","","","","","","","","","","","","",""
"Sulfolobus_tokodaii","","","","","","","32.8","","cocci,irregular","","","","","","","","","","","","","","","","","","","","","","","","","","","","","","","","",""
"Methanocalculus_halotolerans","","","","","","","55","","cocci,irregular","","","","","","","","","","","","","","","","","","","","","","","","","","","","","","","","",""
"Mycoplasma_genitalium","","","","","","","","","","","","","","","","","","","","","","","","","","","","","","","","","","","","","","","","","",""
"Haladaptatus_litoreus","","","","","","","","","","","","","","","","","","","","","","","","","","","","","","","","","","","","","","","","","",""
"Tolypothrix.sp.PCC7601","","","","","","","","","","","","","","","","","","","","","","","","","","","","","","","","","","","","","","","","","",""
"Spiroplasma_chrysopicola","","","","","","","1","","","","","","","","","","","","","","","","","","","","","","","","","","","","","","","","","","",""
"Methanoplanus_limicola","","","","","","","47.5","","singly,long,branched","","","","","","","","","","","","","","","","","","","","","","","","","","","","","","","","",""
"Haloarcula_amylolytica","","","","","","","","","rod-shaped","","","","","","","","","","","","","","","","","","","","","","","","","","","","","","","","",""
"Natrialba_taiwanensis","","","","","","","","","coccobacilli,,rods","","","","","","","","","","","","","","","","","","","","","","","","","","","","","","","","",""
"Acaryochloris.sp.CCMEE5410","","","","","","","","","","","","","","","","","","","","","","","","","","","","","","","","","","","","","","","","","",""
"Ureaplasma_felinum","","","","","","","27.1","","coccoid,filaments,coccobacillary","","","","","","","","","","","","","","","","","","","","","","","","","","","","","","","","",""
"Synechococcus_SAG_3.81","","","","","","","","","","","","","","","","","","","","","","","","","","","","","","","","","","","","","","","","","",""
"Synechococcus.sp.JA-3-3Ab","","","","","","","","","","","","","","","","","","","","","","","","","","","","","","","","","","","","","","","","","",""
"Pyrobaculum_islandicum","","","","","","","44-48","","singly,aggregates,long,terminal spheres,rods","","","","","","","","","","","","","","","","","","","","","","","","","","","","","","","","",""
"Halobiforma_haloterrestris","","","","","","","66.9","","pleomorphic,cocci,rods","","","","","","","","","","","","","","","","","","","","","","","","","","","","","","","","",""
"Halorubrum_chaoviator","","","","","","","65.5","","pleomorphic,rod-shaped","","","","","","","","","","","","","","","","","","","","","","","","","","","","","","","","",""
"Methanosarcina_semesiae","","","","","","","","","coccoid","","","","","","","","","","","","","","","","","","","","","","","","","","","","","","","","",""
"Acidianus_infernus","","","","","","","","","","","","","","","","","","","","","","","","","","","","","","","","","","","","","","","","","",""
"Halobaculum_gomorrense","","","","","","","70","","rods","","","","","","","","","","","","","","","","","","","","","","","","","","","","","","","","",""
"Methanobrevibacter_millerae","","","","","","","","","pairs,coccobacilli,singly,chains","","","","","","","","","","","","","","","","","","","","","","","","","","","","","","","","",""
"Pyrobaculum_sp._1860","","","","","","","","","","","","","","","","","","","","","","","","","","","","","","","","","","","","","","","","","",""
"Metallosphaera_prunae","","","","","","","46","","cocci,irregular","","","","","","","","","","","","","","","","","","","","","","","","","","","","","","","","",""
"Haloterrigena_limicola","","","","","","","61.9","","rod-shaped","","","","","","","","","","","","","","","","","","","","","","","","","","","","","","","","",""
"Halorubrum_aidingense","","","","","","","64.2","","rod-shaped","","","","","","","","","","","","","","","","","","","","","","","","","","","","","","","","",""
"Pyrobaculum_aerophilum","","","","","","","","","coccoid,terminal spheres,rods","","","","","","","","","","","","","","","","","","","","","","","","","","","","","","","","",""
"Trichodesmium_sp.UCYN-B","","","","","","","","","nanoplanktonic","","","","","","","","","","","","","","","","","","","","","","","","","","","","","","","","",""
"Trichodesmium_sp.UCYN-A","","","","","","","","","","","","","","","","","","","","","","","","","","","","","","","","","","","","","","","","","",""
"Nostoc.azollae.0708","","","","","","","","","","","","","","","","","","","","","","","","","","","","","","","","","","","","","","","","","",""
"Halobiforma_lacisalsi","","","","","","","64.9","","coccoid,pleomorphic,rods","","","","","","","","","","","","","","","","","","","","","","","","","","","","","","","","",""
"Halorubrum_cibi","","","","","","","61.7","","","","","","","","","","","","","","","","","","","","","","","","","","","","","","","","","","",""
"Entomoplasma_ellychniae","","","","","","","1","","coccoid,nonhelical,pleomorphic,filaments,branching","","","","","","","","","","","","","","","","","","","","","","","","","","","","","","","","",""
"Halolamina_pelagica","","","","","","","64.8","","","","","","","","","","","","","","","","","","","","","","","","","","","","","","","","","","",""
"Sulfolobus_yangmingensis","","","","","","","42","","lobed,,spherical,","","","","","","","","","","","","","","","","","","","","","","","","","","","","","","","","",""
"Methanosarcina_barkeri","","","","","","","39-44","","coccoid,aggregates,irregular","","","","","","","","","","","","","","","","","","","","","","","","","","","","","","","","",""
"Methanobacterium_oryzae","","","","","","","31","","rod-shaped,singly,chains","","","","","","","","","","","","","","","","","","","","","","","","","","","","","","","","",""
"Methanosarcina_siciliae","","","","","","","","","pairs,singly,cocci,aggregates","","","","","","","","","","","","","","","","","","","","","","","","","","","","","","","","",""
"Thermococcus_peptonophilus","","","","","","","52","","pairs,singly,cocci","","","","","","","","","","","","","","","","","","","","","","","","","","","","","","","","",""
"Sulfolobus_shibatae","","","","","","","35","","coccoid","","","","","","","","","","","","","","","","","","","","","","","","","","","","","","","","",""
"Methanobacterium_formicicum","","","","","","","","","filaments,chains,crooked,long,rods","","","","","","","","","","","","","","","","","","","","","","","","","","","","","","","","",""
"Methanocaldococcus_jannaschii","","","","","","","31","","pairs,singly,cocci,irregular","","","","","","","","","","","","","","","","","","","","","","","","","","","","","","","","",""
"Pyrobaculum_arsenaticum","","","","","","","","","rods,,terminal spheres,rods,long","","","","","","","","","","","","","","","","","","","","","","","","","","","","","","","","",""
"Methanobacterium_lacus","","","","","","","37.0","","filaments,long,rods","","","","","","","","","","","","","","","","","","","","","","","","","","","","","","","","",""
"Methanocaldococcus_infernus","","","","","","","33","","pairs,singly,cocci","","","","","","","","","","","","","","","","","","","","","","","","","","","","","","","","",""
"Halomicrobium_katesii","","","","","","","","","","","","","","","","","","","","","","","","","","","","","","","","","","","","","","","","","",""
"Cyanothece.sp.ATCC51142","","","","","","","","","","","","","","","","","","","","","","","","","","","","","","","","","","","","","","","","","",""
"Mycoplasma_yeatsii","","","","","","","26.6","","","","","","","","","","","","","","","","","","","","","","","","","","","","","","","","","","",""
"Arthrospira.platensis.str.Paraca","","","","","","","","","","","","","","","","","","","","","","","","","","","","","","","","","","","","","","","","","",""
"Methanoregula_boonei","","","","","","","54.5","","","","","","","","","","","","","","","","","","","","","","","","","","","","","","","","","","",""
"Synechococcus.sp.CB0101","","","","","","","","","","","","","","","","","","","","","","","","","","","","","","","","","","","","","","","","","",""
"Thermococcus_celer","","","","","","","","","","","","","","","","","","","","","","","","","","","","","","","","","","","","","","","","","",""
"Natrinema_ejinorense","","","","","","","64.7","","","","","","","","","","","","","","","","","","","","","","","","","","","","","","","","","","",""
"Ignicoccus_pacificus","","","","","","","","","pairs,singly,cocci,irregular","","","","","","","","","","","","","","","","","","","","","","","","","","","","","","","","",""
"Crocosphaera.watsonii.WH8501","","","","","","","","","","","","","","","","","","","","","","","","","","","","","","","","","","","","","","","","","",""
