word, POS, role, certaintyU, certiantyL, saved_flag, saveedID
forked, b, , 1, 1, , null
dorsolateral, b, , 1, 1, , null
bluish-greenish, b, , 1, 1, , null
caudals, p, , 1, 1, , null
clubbed, b, , 1, 1, , null
puncture, s, , 1, 1, , null
dorsoventrally, b, , 1, 1, , null
edibleness, b, , 1, 1, , null
basihyal, s, , 1, 1, , null
branchiostegal, s, , 1, 1, , null
grey, b, , 1, 1, , null
keels, p, , 1, 1, , null
plica, s, , 1, 1, , null
dark-blotched, b, , 1, 1, , null
coordinated, b, , 1, 1, , null
greenish-bluish, b, , 1, 1, , null
pectoralfins, p, , 1, 1, , null
among, b, , 1, 1, , null
continuous, b, , 1, 1, , null
gray, b, , 1, 1, , null
patches, p, , 1, 1, , null
grandchildless, b, , 1, 1, , null
-butanol, b, , 1, 1, , null
harmonics, p, , 1, 1, , null
blue-green, b, , 1, 1, , null
post_spine, s, , 1, 1, , null
mid_portion, s, , 1, 1, , null
organ, s, , 1, 1, , null
gut, s, , 1, 1, , null
ctenoid, b, , 1, 1, , null
dorsoposterior, b, , 1, 1, , null
membranes, p, , 1, 1, , null
apron, s, , 1, 1, , null
circularly, b, , 1, 1, , null
commissure, s, , 1, 1, , null
finally, b, , 1, 1, , null
doubled, b, , 1, 1, , null
circumorbital, s, , 1, 1, , null
concentrated, b, , 1, 1, , null
anteriorly, b, , 1, 1, , null
abnormal, b, , 1, 1, , null
biscupidate, b, , 1, 1, , null
advanced, b, , 1, 1, , null
fintips, p, , 1, 1, , null
fibrinoid, b, , 1, 1, , null
discoid, b, , 1, 1, , null
gait, b, , 1, 1, , null
fewer, b, , 1, 1, , null
acute, b, , 1, 1, , null
faint, b, , 1, 1, , null
colour, b, , 1, 1, , null
cells, p, , 1, 1, , null
mesethmoid, s, , 1, 1, , null
defective, b, , 1, 1, , null
albedo, b, , 1, 1, , null
nub, s, , 1, 1, , null
macula, s, , 1, 1, , null
cycloid, b, , 1, 1, , null
crenulation, s, , 1, 1, , null
postpetiole, s, , 1, 1, , null
parietals, p, , 1, 1, , null
clumps, p, , 1, 1, , null
dystonicity, b, , 1, 1, , null
intertemporal, s, , 1, 1, , null
expansions, p, , 1, 1, , null
divergent, b, , 1, 1, , null
hypohyals, p, , 1, 1, , null
midsnout, s, , 1, 1, , null
minor, s, , 1, 1, , null
blotchy, b, , 1, 1, , null
promesonotum, s, , 1, 1, , null
loops, p, , 1, 1, , null
interbands, p, , 1, 1, , null
mid_arm, s, , 1, 1, , null
eigenmannus, s, , 1, 1, , null
pedicels, p, , 1, 1, , null
d-patterned, b, , 1, 1, , null
demyelinated, b, , 1, 1, , null
capsules, p, , 1, 1, , null
anchor-shaped, b, , 1, 1, , null
greatly, b, , 1, 1, , null
ring, s, , 1, 1, , null
autopolyploid, b, , 1, 1, , null
eye, s, , 1, 1, , null
fringe, b, , 1, 1, , null
auditory, b, , 1, 1, , null
functionality, b, , 1, 1, , null
cracked, b, , 1, 1, , null
angle-quantity, b, , 1, 1, , null
obscures, p, , 1, 1, , null
distichous, b, , 1, 1, , null
punctate, s, , 1, 1, , null
roxas, p, , 1, 1, , null
drapes, p, , 1, 1, , null
after, b, , 1, 1, , null
caeruliventri, s, , 1, 1, , null
genae, p, , 1, 1, , null
closest, b, , 1, 1, , null
concavely, b, , 1, 1, , null
raysius, s, , 1, 1, , null
abstract, b, , 1, 1, , null
anaplastic, b, , 1, 1, , null
groove, s, , 1, 1, , null
basins, p, , 1, 1, , null
c-shaped, b, , 1, 1, , null
puerzlus, s, , 1, 1, , null
bristle-like, b, , 1, 1, , null
greyish, b, , 1, 1, , null
maxillae, p, , 1, 1, , null
australi, s, , 1, 1, , null
brushes, p, , 1, 1, , null
preoperculomandibular, s, , 1, 1, , null
approach, b, , 1, 1, , null
ceratohyals, p, , 1, 1, , null
juvenile, s, , 1, 1, , null
pimelodidae, p, , 1, 1, , null
digitiform, b, , 1, 1, , null
propterygial, s, , 1, 1, , null
column, s, , 1, 1, , null
adequacy, b, , 1, 1, , null
decurved, b, , 1, 1, , null
drainage, s, , 1, 1, , null
maxillar, s, , 1, 1, , null
brown, b, , 1, 1, , null
compositionality, b, , 1, 1, , null
frozen, b, , 1, 1, , null
decussate, b, , 1, 1, , null
especially, b, , 1, 1, , null
iridescence, s, , 1, 1, , null
evertible, b, , 1, 1, , null
basibranchials, p, , 1, 1, , null
autofluorescence, b, , 1, 1, , null
branchiospine, s, , 1, 1, , null
myotome, s, , 1, 1, , null
adduction, b, , 1, 1, , null
ossicles, p, , 1, 1, , null
apparatus, s, , 1, 1, , null
amblyopines, p, , 1, 1, , null
dorsal_spine, s, , 1, 1, , null
degeneration, b, , 1, 1, , null
intersection, s, , 1, 1, , null
centered, b, , 1, 1, , null
ruga, s, , 1, 1, , null
east, b, , 1, 1, , null
dot, s, , 1, 1, , null
gracili, s, , 1, 1, , null
egg, s, , 1, 1, , null
portion, s, , 1, 1, , null
dorsals, p, , 1, 1, , null
fatigability, b, , 1, 1, , null
propodeum, s, , 1, 1, , null
face, s, , 1, 1, , null
legs, p, , 1, 1, , null
anteromedially, b, , 1, 1, , null
fleck, s, , 1, 1, , null
blind, b, , 1, 1, , null
clustered, b, , 1, 1, , null
curving, b, , 1, 1, , null
delayed, b, , 1, 1, , null
girdle, s, , 1, 1, , null
chest_scales, p, , 1, 1, , null
desmosphenotic, s, , 1, 1, , null
dorsum, s, , 1, 1, , null
configuration, s, , 1, 1, , null
pterygiophores, p, , 1, 1, , null
fractured, b, , 1, 1, , null
consistency, b, , 1, 1, , null
abruptly, b, , 1, 1, , null
faintly, b, , 1, 1, , null
nudagobioides, p, , 1, 1, , null
-nucleotide, b, , 1, 1, , null
patch, s, , 1, 1, , null
lengthmeanranges, p, , 1, 1, , null
first_ray, s, , 1, 1, , null
collected, b, , 1, 1, , null
pigment, s, , 1, 1, , null
during, b, , 1, 1, , null
insects, p, , 1, 1, , null
continous, b, , 1, 1, , null
katayamaus, s, , 1, 1, , null
hooks, p, , 1, 1, , null
flatter, b, , 1, 1, , null
pterygoid, s, , 1, 1, , null
gillraker, s, , 1, 1, , null
become, b, , 1, 1, , null
cardinality, b, , 1, 1, , null
cartilaginously, b, , 1, 1, , null
ancistrinus, s, , 1, 1, , null
gently, b, , 1, 1, , null
flavourless, b, , 1, 1, , null
endopolyploid, b, , 1, 1, , null
diastatic, b, , 1, 1, , null
bilobed, b, , 1, 1, , null
clearer, b, , 1, 1, , null
edematous, b, , 1, 1, , null
poss, s, , 1, 1, , null
cut, b, , 1, 1, , null
atonicity, b, , 1, 1, , null
clump, s, , 1, 1, , null
heterodonty, s, , 1, 1, , null
gracile, b, , 1, 1, , null
bendy, b, , 1, 1, , null
exoccipitals, p, , 1, 1, , null
cerebellari, s, , 1, 1, , null
fibrinopurulent, b, , 1, 1, , null
disappearing, b, , 1, 1, , null
abdomen, s, , 1, 1, , null
anteroposteriorly, b, , 1, 1, , null
perforation, s, , 1, 1, , null
interorbit, s, , 1, 1, , null
parapophysis, s, , 1, 1, , null
fibres, p, , 1, 1, , null
decumbent, b, , 1, 1, , null
apexes, p, , 1, 1, , null
post_fold, s, , 1, 1, , null
indentations, p, , 1, 1, , null
ariid, s, , 1, 1, , null
raker, s, , 1, 1, , null
posteriors, p, , 1, 1, , null
gonopodium, s, , 1, 1, , null
attained, b, , 1, 1, , null
caeca, s, , 1, 1, , null
insect, s, , 1, 1, , null
dystrophic, b, , 1, 1, , null
morphometrics, p, , 1, 1, , null
angles, p, , 1, 1, , null
bulblike, b, , 1, 1, , null
aneuploid, b, , 1, 1, , null
extending, b, , 1, 1, , null
asymmetrically, b, , 1, 1, , null
hypobranchial, s, , 1, 1, , null
fluted, b, , 1, 1, , null
essentially, b, , 1, 1, , null
organs, p, , 1, 1, , null
cas, s, , 1, 1, , null
aromatic, b, , 1, 1, , null
lachrymals, p, , 1, 1, , null
barred, b, , 1, 1, , null
cylindrical-shaped, b, , 1, 1, , null
big, b, , 1, 1, , null
palatines, p, , 1, 1, , null
bases, p, , 1, 1, , null
condyles, p, , 1, 1, , null
efficiency, b, , 1, 1, , null
convex-edged, b, , 1, 1, , null
abalios, p, , 1, 1, , null
emerald-green, b, , 1, 1, , null
adequate, b, , 1, 1, , null
amorphous, b, , 1, 1, , null
fluorescence, b, , 1, 1, , null
premaxillaries, p, , 1, 1, , null
captive-bred, b, , 1, 1, , null
dissection, s, , 1, 1, , null
anteriormost, b, , 1, 1, , null
coordination, b, , 1, 1, , null
erected, b, , 1, 1, , null
midlines, p, , 1, 1, , null
movi, p, , 1, 1, , null
portions, p, , 1, 1, , null
gobiids, p, , 1, 1, , null
discrete, b, , 1, 1, , null
aquarium-reared, b, , 1, 1, , null
block-like, b, , 1, 1, , null
broadest, b, , 1, 1, , null
bell-shaped, b, , 1, 1, , null
axis, s, , 1, 1, , null
ctenius, s, , 1, 1, , null
hubb, s, , 1, 1, , null
embedded, b, , 1, 1, , null
flanges, p, , 1, 1, , null
rims, p, , 1, 1, , null
nanochromis, p, , 1, 1, , null
pimelodida, s, , 1, 1, , null
gobioids, p, , 1, 1, , null
apex, s, , 1, 1, , null
parietal, s, , 1, 1, , null
neoplecostomine, s, , 1, 1, , null
mid_axis, s, , 1, 1, , null
pre_sting, s, , 1, 1, , null
meristic, s, , 1, 1, , null
mid_vertex, s, , 1, 1, , null
rim, s, , 1, 1, , null
completely, b, , 1, 1, , null
pteroticsupracleithrum_posttemporal, s, , 1, 1, , null
blunter, b, , 1, 1, , null
breadth, b, , 1, 1, , null
ocelli, p, , 1, 1, , null
adolescents, p, , 1, 1, , null
cross_bars, p, , 1, 1, , null
pockets, p, , 1, 1, , null
covers, b, , 1, 1, , null
crescent-shaped, b, , 1, 1, , null
galvi, p, , 1, 1, , null
domed, b, , 1, 1, , null
apically, b, , 1, 1, , null
crescents, p, , 1, 1, , null
granule, s, , 1, 1, , null
nasals, p, , 1, 1, , null
lateralline, s, , 1, 1, , null
congener, s, , 1, 1, , null
centra, s, , 1, 1, , null
dense, b, , 1, 1, , null
apertures, p, , 1, 1, , null
prezygapophyses, p, , 1, 1, , null
formosanus, b, , 1, 1, , null
iridophore, s, , 1, 1, , null
forecoxae, p, , 1, 1, , null
expressed, b, , 1, 1, , null
almond-shaped, b, , 1, 1, , null
finfold, b, , 1, 1, , null
disrupted, b, , 1, 1, , null
five, b, , 1, 1, , null
contractile, b, , 1, 1, , null
anteroventromedially, b, , 1, 1, , null
interopercle, s, , 1, 1, , null
extremities, p, , 1, 1, , null
polymorphism, s, , 1, 1, , null
dramatically, b, , 1, 1, , null
marks, p, , 1, 1, , null
marleyi, p, , 1, 1, , null
discriminate, b, , 1, 1, , null
postpelvic, s, , 1, 1, , null
aversion, b, , 1, 1, , null
can, b, , 1, 1, , null
arises, b, , 1, 1, , null
dull, b, , 1, 1, , null
fontanelles, p, , 1, 1, , null
because, b, , 1, 1, , null
compatibility, b, , 1, 1, , null
edwardsii, p, , 1, 1, , null
mid_distance, s, , 1, 1, , null
for, b, , 1, 1, , null
kincaidius, s, , 1, 1, , null
apiculate, b, , 1, 1, , null
lower_jaw, s, , 1, 1, , null
entirely, b, , 1, 1, , null
gigantic, b, , 1, 1, , null
forecoxa, s, , 1, 1, , null
agenesis, b, , 1, 1, , null
certainly, b, , 1, 1, , null
anus, s, , 1, 1, , null
depth, b, , 1, 1, , null
polyacti, s, , 1, 1, , null
curled, b, , 1, 1, , null
blueish, b, , 1, 1, , null
bars, p, , 1, 1, , null
cranium, s, , 1, 1, , null
broad, b, , 1, 1, , null
band, s, , 1, 1, , null
coalesce, b, , 1, 1, , null
brownish-orange, b, , 1, 1, , null
buoyancy, b, , 1, 1, , null
anucleate, b, , 1, 1, , null
centrum-like, b, , 1, 1, , null
binucleate, b, , 1, 1, , null
enlarged, b, , 1, 1, , null
pedicel, s, , 1, 1, , null
fibrillary, b, , 1, 1, , null
center, s, , 1, 1, , null
katayamai, p, , 1, 1, , null
postzygapophyses, p, , 1, 1, , null
depigmented, b, , 1, 1, , null
centre, s, , 1, 1, , null
drainages, p, , 1, 1, , null
green-yellow, b, , 1, 1, , null
geayus, s, , 1, 1, , null
rib, s, , 1, 1, , null
d_type, s, , 1, 1, , null
basipterygium, s, , 1, 1, , null
iris, s, , 1, 1, , null
albifrons, p, , 1, 1, , null
arranged, b, , 1, 1, , null
-segmented, b, , 1, 1, , null
amplitude, b, , 1, 1, , null
frequent, b, , 1, 1, , null
asynchronous, b, , 1, 1, , null
degenerate, b, , 1, 1, , null
complexity, b, , 1, 1, , null
floury, b, , 1, 1, , null
embryo, s, , 1, 1, , null
compressed, b, , 1, 1, , null
electronegativity, b, , 1, 1, , null
acnatscus, s, , 1, 1, , null
males, p, , 1, 1, , null
epiotics, s, , 1, 1, , null
rhipidion, s, , 1, 1, , null
metapterygial, s, , 1, 1, , null
dots, p, , 1, 1, , null
intermuscular, s, , 1, 1, , null
preoperculomandibulars, p, , 1, 1, , null
beige, b, , 1, 1, , null
bridge, s, , 1, 1, , null
box-like, b, , 1, 1, , null
rudiments, p, , 1, 1, , null
ceratobranchial, s, , 1, 1, , null
broken, b, , 1, 1, , null
early, b, , 1, 1, , null
calcareous, b, , 1, 1, , null
caudal_tail, s, , 1, 1, , null
antorbital, b, , 1, 1, , null
chest_scale, s, , 1, 1, , null
behind, b, , 1, 1, , null
maunaloa, s, , 1, 1, , null
bulbous, b, , 1, 1, , null
apoptotic, b, , 1, 1, , null
abrased, b, , 1, 1, , null
multiples, p, , 1, 1, , null
indentation, s, , 1, 1, , null
finray, s, , 1, 1, , null
gyne, s, , 1, 1, , null
iridophores, p, , 1, 1, , null
darkish, b, , 1, 1, , null
covering, b, , 1, 1, , null
labium, s, , 1, 1, , null
membrane, s, , 1, 1, , null
amblyopine, s, , 1, 1, , null
drop_off, s, , 1, 1, , null
opercule, s, , 1, 1, , null
articulating, b, , 1, 1, , null
mark, s, , 1, 1, , null
postorbit, s, , 1, 1, , null
lateralis, p, , 1, 1, , null
manubrium, s, , 1, 1, , null
pseudobranch, s, , 1, 1, , null
holes, p, , 1, 1, , null
rosette, s, , 1, 1, , null
anterolaterally, b, , 1, 1, , null
elevation, b, , 1, 1, , null
divisible, b, , 1, 1, , null
ctenii-like, b, , 1, 1, , null
autochthonous, b, , 1, 1, , null
circuli, p, , 1, 1, , null
processes, p, , 1, 1, , null
dislocated, b, , 1, 1, , null
definitely, b, , 1, 1, , null
fecundity, b, , 1, 1, , null
monocuspid, s, , 1, 1, , null
mid_sides, p, , 1, 1, , null
origin, s, , 1, 1, , null
dark-gray, b, , 1, 1, , null
concentration, b, , 1, 1, , null
hutchinsi, p, , 1, 1, , null
intermusculars, p, , 1, 1, , null
precaudal, s, , 1, 1, , null
basisphenoid, s, , 1, 1, , null
scapes, p, , 1, 1, , null
cavernous, b, , 1, 1, , null
assemblages, p, , 1, 1, , null
methanofolli, s, , 1, 1, , null
cordiform, b, , 1, 1, , null
benign, b, , 1, 1, , null
egg-shaped, b, , 1, 1, , null
radius, s, , 1, 1, , null
crest, s, , 1, 1, , null
actinodromous, b, , 1, 1, , null
dark, b, , 1, 1, , null
concealed, b, , 1, 1, , null
furrow, s, , 1, 1, , null
neurocranium, s, , 1, 1, , null
bent, b, , 1, 1, , null
mesocondyle, s, , 1, 1, , null
sagitta, s, , 1, 1, , null
parapophyses, p, , 1, 1, , null
foramina, p, , 1, 1, , null
digitate, b, , 1, 1, , null
h_scales, p, , 1, 1, , null
insertions, p, , 1, 1, , null
blotches, p, , 1, 1, , null
do, b, , 1, 1, , null
flattened, b, , 1, 1, , null
balanced, b, , 1, 1, , null
pharyngeal, s, , 1, 1, , null
plates, p, , 1, 1, , null
cold, b, , 1, 1, , null
finely, b, , 1, 1, , null
bulla, s, , 1, 1, , null
african_type, s, , 1, 1, , null
cladodromous, b, , 1, 1, , null
bumps, p, , 1, 1, , null
masses, p, , 1, 1, , null
bundles, p, , 1, 1, , null
fatty, b, , 1, 1, , null
freely, b, , 1, 1, , null
asymmetrical, b, , 1, 1, , null
dorsalfins, p, , 1, 1, , null
preoral, s, , 1, 1, , null
opening, s, , 1, 1, , null
joint, s, , 1, 1, , null
absolutedistance, b, , 1, 1, , null
congenerics, p, , 1, 1, , null
pectoralfin, s, , 1, 1, , null
disappear, b, , 1, 1, , null
denser, b, , 1, 1, , null
granular, b, , 1, 1, , null
hypurapophysi, s, , 1, 1, , null
below, b, , 1, 1, , null
flux, b, , 1, 1, , null
dozen, b, , 1, 1, , null
ridge, s, , 1, 1, , null
mid_thorn, s, , 1, 1, , null
bi-directional, b, , 1, 1, , null
curtain, s, , 1, 1, , null
neches, p, , 1, 1, , null
fan-shaped, b, , 1, 1, , null
anterio-medially, b, , 1, 1, , null
raysii, p, , 1, 1, , null
although, b, , 1, 1, , null
bifid, b, , 1, 1, , null
limits, p, , 1, 1, , null
diluted, b, , 1, 1, , null
caudal_peduncle, s, , 1, 1, , null
albifron, s, , 1, 1, , null
nares, p, , 1, 1, , null
nodes, p, , 1, 1, , null
canal-bearing, b, , 1, 1, , null
gena, s, , 1, 1, , null
dehydrated, b, , 1, 1, , null
centrum, s, , 1, 1, , null
metapterygoid, s, , 1, 1, , null
pales, p, , 1, 1, , null
mandibulari, s, , 1, 1, , null
hairs, p, , 1, 1, , null
disassembled, b, , 1, 1, , null
gonad, s, , 1, 1, , null
keel, s, , 1, 1, , null
lepidotrichium, s, , 1, 1, , null
apparently, b, , 1, 1, , null
dystrophy, b, , 1, 1, , null
aggregated, b, , 1, 1, , null
edentulous, b, , 1, 1, , null
dentated, b, , 1, 1, , null
hypostomina, s, , 1, 1, , null
based, b, , 1, 1, , null
contractility, b, , 1, 1, , null
gillrakers, p, , 1, 1, , null
interdigitation, s, , 1, 1, , null
fin_base, s, , 1, 1, , null
epicaudal_lobe, s, , 1, 1, , null
actinost, s, , 1, 1, , null
concavity, b, , 1, 1, , null
displaced, b, , 1, 1, , null
circling, b, , 1, 1, , null
cream, b, , 1, 1, , null
mid_fork, s, , 1, 1, , null
gives, b, , 1, 1, , null
great, b, , 1, 1, , null
bifurcate, b, , 1, 1, , null
barshaped, b, , 1, 1, , null
brownish-tan, b, , 1, 1, , null
along, b, , 1, 1, , null
above, b, , 1, 1, , null
high_frequency, s, , 1, 1, , null
hatchling, s, , 1, 1, , null
islands, p, , 1, 1, , null
caeruliventris, p, , 1, 1, , null
arising, b, , 1, 1, , null
blotch-shaped, b, , 1, 1, , null
caudo-dorsal, b, , 1, 1, , null
circumorbial, s, , 1, 1, , null
ptychochromoides, p, , 1, 1, , null
microtrachy, s, , 1, 1, , null
equidistant, b, , 1, 1, , null
cancellous, b, , 1, 1, , null
energy, b, , 1, 1, , null
deciduous, b, , 1, 1, , null
colorless, b, , 1, 1, , null
methanofollis, p, , 1, 1, , null
avidity, b, , 1, 1, , null
crenulate, b, , 1, 1, , null
balance, b, , 1, 1, , null
develop, b, , 1, 1, , null
female, s, , 1, 1, , null
cusp, s, , 1, 1, , null
branchiness, b, , 1, 1, , null
dystrophied, b, , 1, 1, , null
female, b, , 1, 1, , null
bears, b, , 1, 1, , null
mid_disc, s, , 1, 1, , null
mesopterygial, s, , 1, 1, , null
convex, b, , 1, 1, , null
grayish, b, , 1, 1, , null
bar, s, , 1, 1, , null
ectopterygoid, s, , 1, 1, , null
ellipsoid, b, , 1, 1, , null
marcos, p, , 1, 1, , null
area-unit, b, , 1, 1, , null
apart, b, , 1, 1, , null
efficient, b, , 1, 1, , null
considerably, b, , 1, 1, , null
blend, b, , 1, 1, , null
distally, b, , 1, 1, , null
microsculpture, s, , 1, 1, , null
force, b, , 1, 1, , null
females, p, , 1, 1, , null
flame-like, b, , 1, 1, , null
expanded, b, , 1, 1, , null
feebly, b, , 1, 1, , null
process, s, , 1, 1, , null
frontals, p, , 1, 1, , null
filament, s, , 1, 1, , null
generally, b, , 1, 1, , null
reticulation, s, , 1, 1, , null
deltoid, b, , 1, 1, , null
gaps, p, , 1, 1, , null
fiber, s, , 1, 1, , null
energy-unit, b, , 1, 1, , null
bifurcated, b, , 1, 1, , null
evenly-sloping, b, , 1, 1, , null
bundle, s, , 1, 1, , null
pleats, p, , 1, 1, , null
muscle, s, , 1, 1, , null
coiled, b, , 1, 1, , null
nostrils, p, , 1, 1, , null
dephosphorylated, b, , 1, 1, , null
area, s, , 1, 1, , null
ariids, p, , 1, 1, , null
fasciculated, b, , 1, 1, , null
arrow-shaped, b, , 1, 1, , null
incisors, p, , 1, 1, , null
distal, b, , 1, 1, , null
dentations, p, , 1, 1, , null
aberrant, b, , 1, 1, , null
fusiform, b, , 1, 1, , null
area, b, , 1, 1, , null
amblyopsids, p, , 1, 1, , null
cusplet, s, , 1, 1, , null
interorbital, s, , 1, 1, , null
fanglike, b, , 1, 1, , null
folds, p, , 1, 1, , null
intersections, p, , 1, 1, , null
ensiform, b, , 1, 1, , null
amieti, p, , 1, 1, , null
anal_caudal, s, , 1, 1, , null
saddle, s, , 1, 1, , null
maculae, p, , 1, 1, , null
commonly, b, , 1, 1, , null
developed, b, , 1, 1, , null
bluntly-rounded, b, , 1, 1, , null
fifths, b, , 1, 1, , null
bilateral, b, , 1, 1, , null
cheek, s, , 1, 1, , null
broadly, b, , 1, 1, , null
medial, s, , 1, 1, , null
arrhythmic, b, , 1, 1, , null
dorsally, b, , 1, 1, , null
bicornuate, b, , 1, 1, , null
anosmia, b, , 1, 1, , null
folded, b, , 1, 1, , null
directed, b, , 1, 1, , null
club-shaped, b, , 1, 1, , null
exceptionally, b, , 1, 1, , null
branching, b, , 1, 1, , null
bouts, b, , 1, 1, , null
anterior-laterally, b, , 1, 1, , null
ceratohyal, s, , 1, 1, , null
greenish-brown, b, , 1, 1, , null
bear, b, , 1, 1, , null
carrot-shaped, b, , 1, 1, , null
caudal, b, , 1, 1, , null
interpelvic, s, , 1, 1, , null
mandibulars, p, , 1, 1, , null
gynes, p, , 1, 1, , null
myomeres, p, , 1, 1, , null
dead, b, , 1, 1, , null
reflections, p, , 1, 1, , null
crescentic, b, , 1, 1, , null
annulated, b, , 1, 1, , null
confined, b, , 1, 1, , null
fibroid, s, , 1, 1, , null
best, b, , 1, 1, , null
horn, s, , 1, 1, , null
orbital, s, , 1, 1, , null
bright, b, , 1, 1, , null
chocolate-colored, b, , 1, 1, , null
central-most, b, , 1, 1, , null
savoryi, p, , 1, 1, , null
appendages, p, , 1, 1, , null
movus, s, , 1, 1, , null
cordate, b, , 1, 1, , null
fascicled, b, , 1, 1, , null
feet, p, , 1, 1, , null
granules, p, , 1, 1, , null
constant, b, , 1, 1, , null
elongate, b, , 1, 1, , null
dagger-like, b, , 1, 1, , null
pseudobranchia, p, , 1, 1, , null
anteriorly-directed, b, , 1, 1, , null
equally, b, , 1, 1, , null
blotched, b, , 1, 1, , null
coniform, b, , 1, 1, , null
disappears, b, , 1, 1, , null
foramen, s, , 1, 1, , null
decayed, b, , 1, 1, , null
epurals, p, , 1, 1, , null
lamprologine, s, , 1, 1, , null
apices, p, , 1, 1, , null
divided-from, b, , 1, 1, , null
anteroventrally, b, , 1, 1, , null
burst, b, , 1, 1, , null
consisting, b, , 1, 1, , null
berryus, s, , 1, 1, , null
blunt, b, , 1, 1, , null
cartilage-tipped, b, , 1, 1, , null
naso_frontal, s, , 1, 1, , null
bulb-shaped, b, , 1, 1, , null
conspicuous, b, , 1, 1, , null
e_scales, p, , 1, 1, , null
savoryus, s, , 1, 1, , null
basin, s, , 1, 1, , null
omeiensi, s, , 1, 1, , null
alternately, b, , 1, 1, , null
appendex, s, , 1, 1, , null
preopercle, s, , 1, 1, , null
pre_anus, s, , 1, 1, , null
epibranchials, p, , 1, 1, , null
absolute, b, , 1, 1, , null
backward-pointing, b, , 1, 1, , null
hole, s, , 1, 1, , null
denticles, p, , 1, 1, , null
diastema, s, , 1, 1, , null
pterygoids, p, , 1, 1, , null
atresia, b, , 1, 1, , null
frontal, s, , 1, 1, , null
gonactinost, s, , 1, 1, , null
scars, p, , 1, 1, , null
lamprologines, p, , 1, 1, , null
larva, s, , 1, 1, , null
consist, b, , 1, 1, , null
endnearer, b, , 1, 1, , null
form, b, , 1, 1, , null
ray, s, , 1, 1, , null
aromaticity, b, , 1, 1, , null
roxa, p, , 1, 1, , null
crest-like, b, , 1, 1, , null
evenly-distributed, b, , 1, 1, , null
mesopterygials, p, , 1, 1, , null
continuously, b, , 1, 1, , null
divisions, p, , 1, 1, , null
co-occurring, b, , 1, 1, , null
deepest, b, , 1, 1, , null
delicate, b, , 1, 1, , null
apteronotid, s, , 1, 1, , null
artefact, s, , 1, 1, , null
origins, p, , 1, 1, , null
orbits, p, , 1, 1, , null
pharyngobranchials, p, , 1, 1, , null
chromatophores, p, , 1, 1, , null
finrays, p, , 1, 1, , null
acutely, b, , 1, 1, , null
chromatophore, s, , 1, 1, , null
fast-flowing, b, , 1, 1, , null
amount, b, , 1, 1, , null
fearful, b, , 1, 1, , null
posses, p, , 1, 1, , null
detached, b, , 1, 1, , null
lips, p, , 1, 1, , null
aplasia, b, , 1, 1, , null
botryoidal, b, , 1, 1, , null
fading, b, , 1, 1, , null
obscure, s, , 1, 1, , null
cuboid, b, , 1, 1, , null
nerves, p, , 1, 1, , null
aplastic/hypoplastic, b, , 1, 1, , null
lappet, s, , 1, 1, , null
denticulate, b, , 1, 1, , null
fusions, p, , 1, 1, , null
gonapophyses, p, , 1, 1, , null
densest, b, , 1, 1, , null
maunaloae, p, , 1, 1, , null
eigenmanni, p, , 1, 1, , null
grey-yellow, b, , 1, 1, , null
province, s, , 1, 1, , null
island, s, , 1, 1, , null
consistently, b, , 1, 1, , null
pelvis, p, , 1, 1, , null
ciliatedness, b, , 1, 1, , null
found, b, , 1, 1, , null
branchiostegals, p, , 1, 1, , null
blocked, b, , 1, 1, , null
blue-black, b, , 1, 1, , null
bearing, b, , 1, 1, , null
nubs, p, , 1, 1, , null
hutchinsus, s, , 1, 1, , null
coalescent, b, , 1, 1, , null
magdalenensi, s, , 1, 1, , null
roots, p, , 1, 1, , null
polyactis, p, , 1, 1, , null
about, b, , 1, 1, , null
rugae, p, , 1, 1, , null
associated, b, , 1, 1, , null
age-related, b, , 1, 1, , null
euploid, b, , 1, 1, , null
attaching, b, , 1, 1, , null
asterisks, p, , 1, 1, , null
nape, s, , 1, 1, , null
evident, b, , 1, 1, , null
dermosphenotic, s, , 1, 1, , null
flexible, b, , 1, 1, , null
rosettes, p, , 1, 1, , null
neuromasts, p, , 1, 1, , null
available, b, , 1, 1, , null
naris, s, , 1, 1, , null
eventually, b, , 1, 1, , null
distinctly, b, , 1, 1, , null
postzygapophyse, s, , 1, 1, , null
expansion, s, , 1, 1, , null
mangrove, s, , 1, 1, , null
blood-red, b, , 1, 1, , null
propterygials, p, , 1, 1, , null
scapulars, p, , 1, 1, , null
body-shape, b, , 1, 1, , null
flaplike, b, , 1, 1, , null
hatchlings, p, , 1, 1, , null
dentiformis, s, , 1, 1, , null
dorsomedially, b, , 1, 1, , null
defecation, b, , 1, 1, , null
even, b, , 1, 1, , null
boundary, s, , 1, 1, , null
brush, s, , 1, 1, , null
margins, p, , 1, 1, , null
gonapophyse, s, , 1, 1, , null
saddlemarks, p, , 1, 1, , null
limbs, p, , 1, 1, , null
energy-quantity, b, , 1, 1, , null
brackets, p, , 1, 1, , null
gill_raker, s, , 1, 1, , null
adnasal, s, , 1, 1, , null
continues, b, , 1, 1, , null
mandibulae, p, , 1, 1, , null
extensively, b, , 1, 1, , null
gracilis, p, , 1, 1, , null
and, f, , 1, 1, , null
bluish-grey, b, , 1, 1, , null
beginning, b, , 1, 1, , null
green, b, , 1, 1, , null
fenestra, s, , 1, 1, , null
pouch, s, , 1, 1, , null
beige-yellow, b, , 1, 1, , null
gape, s, , 1, 1, , null
goldenbrownish, b, , 1, 1, , null
alternation, b, , 1, 1, , null
brachia, p, , 1, 1, , null
articulates, b, , 1, 1, , null
duller, b, , 1, 1, , null
cutaneous, b, , 1, 1, , null
branched, b, , 1, 1, , null
exhibit, b, , 1, 1, , null
chomatophores, p, , 1, 1, , null
prepectoral, s, , 1, 1, , null
midinterorbital, s, , 1, 1, , null
crosscutting, b, , 1, 1, , null
adhesiveness, b, , 1, 1, , null
ribs, p, , 1, 1, , null
pectoral_spine, s, , 1, 1, , null
elliptic, b, , 1, 1, , null
deep-bodied, b, , 1, 1, , null
fourth, b, , 1, 1, , null
curvature, b, , 1, 1, , null
dorsolaterally, b, , 1, 1, , null
eccentric, b, , 1, 1, , null
cuboidal, b, , 1, 1, , null
agulha, s, , 1, 1, , null
caniniform, b, , 1, 1, , null
gobioid, s, , 1, 1, , null
basophilic, b, , 1, 1, , null
ballooning, b, , 1, 1, , null
kiritimatus, s, , 1, 1, , null
concolorous, b, , 1, 1, , null
mass, s, , 1, 1, , null
fully, b, , 1, 1, , null
characidium, s, , 1, 1, , null
reflection, s, , 1, 1, , null
gradually, b, , 1, 1, , null
contralaterally, b, , 1, 1, , null
mid_back, s, , 1, 1, , null
directly, b, , 1, 1, , null
cases, p, , 1, 1, , null
convexly, b, , 1, 1, , null
deviation(from-normal), b, , 1, 1, , null
appears, b, , 1, 1, , null
buccally, b, , 1, 1, , null
density, b, , 1, 1, , null
acuminate, b, , 1, 1, , null
analfins, p, , 1, 1, , null
chevron-shaped, b, , 1, 1, , null
mid_jaw, s, , 1, 1, , null
dwarfed, b, , 1, 1, , null
mangroves, p, , 1, 1, , null
prenarial, s, , 1, 1, , null
epithelium, s, , 1, 1, , null
descended, b, , 1, 1, , null
fontanels, p, , 1, 1, , null
platelets, p, , 1, 1, , null
accurately, b, , 1, 1, , null
functionally, b, , 1, 1, , null
dark-colored, b, , 1, 1, , null
interradial, s, , 1, 1, , null
gram-negative, b, , 1, 1, , null
fringed, b, , 1, 1, , null
concrete, b, , 1, 1, , null
peckoltium, s, , 1, 1, , null
chomatophore, s, , 1, 1, , null
anteriors, p, , 1, 1, , null
canals, p, , 1, 1, , null
fibrous, b, , 1, 1, , null
granulated, b, , 1, 1, , null
disomy, b, , 1, 1, , null
branches, p, , 1, 1, , null
falcate, b, , 1, 1, , null
cusplets, p, , 1, 1, , null
asymmetric, b, , 1, 1, , null
meristics, p, , 1, 1, , null
closeset, b, , 1, 1, , null
crossing, b, , 1, 1, , null
dendroidal, b, , 1, 1, , null
conically, b, , 1, 1, , null
distorted, b, , 1, 1, , null
pores, p, , 1, 1, , null
conductivity, b, , 1, 1, , null
myomere, s, , 1, 1, , null
inter_rays, p, , 1, 1, , null
arnoultus, s, , 1, 1, , null
golden-brown, b, , 1, 1, , null
additionally, b, , 1, 1, , null
areas, s, , 1, 1, , null
autogenous, b, , 1, 1, , null
interhyal, s, , 1, 1, , null
disoriented, b, , 1, 1, , null
curve, b, , 1, 1, , null
arms, p, , 1, 1, , null
cartilage, s, , 1, 1, , null
precaudals, p, , 1, 1, , null
faces, p, , 1, 1, , null
premaxilla, s, , 1, 1, , null
pits, p, , 1, 1, , null
blackish, b, , 1, 1, , null
pupils, p, , 1, 1, , null
perforations, p, , 1, 1, , null
affinity, b, , 1, 1, , null
disto-lateral, b, , 1, 1, , null
leukophores, p, , 1, 1, , null
columnar, b, , 1, 1, , null
jaw_muscle, s, , 1, 1, , null
deeply, b, , 1, 1, , null
externally, b, , 1, 1, , null
continual, b, , 1, 1, , null
girardus, s, , 1, 1, , null
kidneys, p, , 1, 1, , null
rudiment, s, , 1, 1, , null
bladder, s, , 1, 1, , null
arm, s, , 1, 1, , null
extreme, b, , 1, 1, , null
clefted, b, , 1, 1, , null
midfield, s, , 1, 1, , null
deeply-incised, b, , 1, 1, , null
feather-like, b, , 1, 1, , null
plicae, p, , 1, 1, , null
allopolyploidy, b, , 1, 1, , null
angled, b, , 1, 1, , null
mandibles, p, , 1, 1, , null
close, b, , 1, 1, , null
erect, b, , 1, 1, , null
projections, p, , 1, 1, , null
epural, s, , 1, 1, , null
claspers, p, , 1, 1, , null
f_scale, s, , 1, 1, , null
fast-moving, b, , 1, 1, , null
layer, s, , 1, 1, , null
infraorbitals, p, , 1, 1, , null
described, b, , 1, 1, , null
arched, b, , 1, 1, , null
aggressive, b, , 1, 1, , null
marco, s, , 1, 1, , null
iridescences, p, , 1, 1, , null
connects, b, , 1, 1, , null
dysfunctional, b, , 1, 1, , null
larvae, p, , 1, 1, , null
cyclicity, b, , 1, 1, , null
pseudobranchiae, p, , 1, 1, , null
contain, b, , 1, 1, , null
been, b, , 1, 1, , null
juveniles, p, , 1, 1, , null
distinct, b, , 1, 1, , null
examined, b, , 1, 1, , null
dentation, s, , 1, 1, , null
dichotomously, b, , 1, 1, , null
freckle-like, b, , 1, 1, , null
craspedodromous, b, , 1, 1, , null
filamentosus, s, , 1, 1, , null
beak-like, b, , 1, 1, , null
patterns, p, , 1, 1, , null
dispersed, b, , 1, 1, , null
cellularity, b, , 1, 1, , null
fertile, b, , 1, 1, , null
neoplecostomines, p, , 1, 1, , null
distended, b, , 1, 1, , null
dentition, s, , 1, 1, , null
does, b, , 1, 1, , null
frenum, s, , 1, 1, , null
fused, b, , 1, 1, , null
chin, s, , 1, 1, , null
disposition, b, , 1, 1, , null
dysplastic, b, , 1, 1, , null
monserrati, p, , 1, 1, , null
exorhipidion, s, , 1, 1, , null
greasy, b, , 1, 1, , null
anableps, p, , 1, 1, , null
bump, s, , 1, 1, , null
epineurals, p, , 1, 1, , null
brain, s, , 1, 1, , null
aplastic, b, , 1, 1, , null
conical, b, , 1, 1, , null
hair, s, , 1, 1, , null
done, b, , 1, 1, , null
canine, s, , 1, 1, , null
blue-greenish, b, , 1, 1, , null
mandible, s, , 1, 1, , null
disheveled, b, , 1, 1, , null
blue-grey, b, , 1, 1, , null
blond, b, , 1, 1, , null
edible, b, , 1, 1, , null
fasciculation, b, , 1, 1, , null
antennae, p, , 1, 1, , null
being, b, , 1, 1, , null
pore, s, , 1, 1, , null
coincides, b, , 1, 1, , null
active, b, , 1, 1, , null
centrally, b, , 1, 1, , null
edemic, b, , 1, 1, , null
extension, s, , 1, 1, , null
accumulated, b, , 1, 1, , null
backward, b, , 1, 1, , null
pharyngeals, p, , 1, 1, , null
coxa, s, , 1, 1, , null
freckle, s, , 1, 1, , null
follows, b, , 1, 1, , null
hook, s, , 1, 1, , null
anteverted, b, , 1, 1, , null
forntals, p, , 1, 1, , null
closely, b, , 1, 1, , null
glistening, b, , 1, 1, , null
gonads, p, , 1, 1, , null
pigmentation, s, , 1, 1, , null
circinate, b, , 1, 1, , null
coarsely, b, , 1, 1, , null
begins, b, , 1, 1, , null
banded, b, , 1, 1, , null
crests, p, , 1, 1, , null
cylindrical, b, , 1, 1, , null
photophore, s, , 1, 1, , null
diverging, b, , 1, 1, , null
dislocation, b, , 1, 1, , null
flaps, p, , 1, 1, , null
appear, b, , 1, 1, , null
encircling, b, , 1, 1, , null
saliencies, p, , 1, 1, , null
diplospondylous, b, , 1, 1, , null
between, b, , 1, 1, , null
ceratotrichium, s, , 1, 1, , null
saddles, s, , 1, 1, , null
are, b, , 1, 1, , null
dendroid, b, , 1, 1, , null
protrusion, s, , 1, 1, , null
ivindoensis, s, , 1, 1, , null
precursors, p, , 1, 1, , null
curvilinearly, b, , 1, 1, , null
amblyopsis, s, , 1, 1, , null
convolute, b, , 1, 1, , null
gill-like, b, , 1, 1, , null
limb, s, , 1, 1, , null
configurations, p, , 1, 1, , null
gap, s, , 1, 1, , null
nech, s, , 1, 1, , null
end-style, b, , 1, 1, , null
borders, p, , 1, 1, , null
melanophore, s, , 1, 1, , null
filamentous, b, , 1, 1, , null
actinosts, p, , 1, 1, , null
filamentously, b, , 1, 1, , null
odontode, s, , 1, 1, , null
firmly, b, , 1, 1, , null
elements, p, , 1, 1, , null
fontanel, s, , 1, 1, , null
excavations, p, , 1, 1, , null
external, b, , 1, 1, , null
depression, s, , 1, 1, , null
loop, s, , 1, 1, , null
dissociated, b, , 1, 1, , null
approximately, b, , 1, 1, , null
prickle, s, , 1, 1, , null
disk, s, , 1, 1, , null
medials, p, , 1, 1, , null
edibility, b, , 1, 1, , null
flared, b, , 1, 1, , null
glutinous, b, , 1, 1, , null
e_type, s, , 1, 1, , null
chocolate-brown, b, , 1, 1, , null
dentaries, p, , 1, 1, , null
deviation, s, , 1, 1, , null
filiform, b, , 1, 1, , null
hypurapophysis, p, , 1, 1, , null
internasal, s, , 1, 1, , null
crudely, b, , 1, 1, , null
amp, b, , 1, 1, , null
gas, b, , 1, 1, , null
cerebellaris, s, , 1, 1, , null
adolescent, b, , 1, 1, , null
field, s, , 1, 1, , null
either, b, , 1, 1, , null
gill_opening, s, , 1, 1, , null
denticulation, s, , 1, 1, , null
beneath, b, , 1, 1, , null
caught, b, , 1, 1, , null
dorsal, b, , 1, 1, , null
fifth, b, , 1, 1, , null
barbels, p, , 1, 1, , null
mariae, p, , 1, 1, , null
dorsoposteriorly, b, , 1, 1, , null
parinus, s, , 1, 1, , null
chessboard-like, b, , 1, 1, , null
cone-shaped, b, , 1, 1, , null
eyeballs, p, , 1, 1, , null
apteronotids, p, , 1, 1, , null
acceleration, b, , 1, 1, , null
dentigerous, b, , 1, 1, , null
drape, s, , 1, 1, , null
ca, b, , 1, 1, , null
adolescent, s, , 1, 1, , null
entire, b, , 1, 1, , null
jaws, p, , 1, 1, , null
circulus, s, , 1, 1, , null
deviation, b, , 1, 1, , null
disk-shaped, b, , 1, 1, , null
depressible, b, , 1, 1, , null
mesosoma, s, , 1, 1, , null
called, b, , 1, 1, , null
epineural, s, , 1, 1, , null
bicuspid, b, , 1, 1, , null
discharges, p, , 1, 1, , null
marleyus, s, , 1, 1, , null
bordered, b, , 1, 1, , null
bandinter_band, s, , 1, 1, , null
lamella, s, , 1, 1, , null
lobe, s, , 1, 1, , null
auriculate, b, , 1, 1, , null
bicuspids, p, , 1, 1, , null
coloured, b, , 1, 1, , null
cross-sectional, b, , 1, 1, , null
bluish-green, b, , 1, 1, , null
circumference, b, , 1, 1, , null
pad, s, , 1, 1, , null
odontodes, p, , 1, 1, , null
actinomorphic, b, , 1, 1, , null
atomarium, s, , 1, 1, , null
rays, p, , 1, 1, , null
grooved, b, , 1, 1, , null
blurry, b, , 1, 1, , null
four, b, , 1, 1, , null
glandular, b, , 1, 1, , null
giant, b, , 1, 1, , null
graybrown, b, , 1, 1, , null
metacondyle, s, , 1, 1, , null
fourths, b, , 1, 1, , null
radials, p, , 1, 1, , null
biconcave, b, , 1, 1, , null
collettei, p, , 1, 1, , null
cuspidate, b, , 1, 1, , null
attenuate, b, , 1, 1, , null
flavourful, b, , 1, 1, , null
deep, b, , 1, 1, , null
interopercule, s, , 1, 1, , null
postcleithrum, s, , 1, 1, , null
down, b, , 1, 1, , null
canines, p, , 1, 1, , null
arch-like, b, , 1, 1, , null
fragility, b, , 1, 1, , null
occipital_nuchal, s, , 1, 1, , null
age, b, , 1, 1, , null
from, b, , 1, 1, , null
pocket, s, , 1, 1, , null
arrow-head-shaped, b, , 1, 1, , null
modulation, s, , 1, 1, , null
gill, s, , 1, 1, , null
asymmetry, b, , 1, 1, , null
fingerprint-like, b, , 1, 1, , null
locality, s, , 1, 1, , null
fron, s, , 1, 1, , null
attached, b, , 1, 1, , null
midlevel, s, , 1, 1, , null
basically, b, , 1, 1, , null
equal, b, , 1, 1, , null
arousal, b, , 1, 1, , null
colliei, p, , 1, 1, , null
club-like, b, , 1, 1, , null
arches, p, , 1, 1, , null
propterygium, s, , 1, 1, , null
channeled, b, , 1, 1, , null
elastic, b, , 1, 1, , null
:breadth, b, , 1, 1, , null
aligned, b, , 1, 1, , null
greyish-black, b, , 1, 1, , null
giving, b, , 1, 1, , null
becomes, b, , 1, 1, , null
fragmented, b, , 1, 1, , null
eye_spiracle, s, , 1, 1, , null
parhypural, s, , 1, 1, , null
beige-brownish, b, , 1, 1, , null
maxillaries, p, , 1, 1, , null
fan-spread, b, , 1, 1, , null
exhibited, b, , 1, 1, , null
decreased, b, , 1, 1, , null
coalesced, b, , 1, 1, , null
chiefly, b, , 1, 1, , null
color, b, , 1, 1, , null
formed, b, , 1, 1, , null
radii, p, , 1, 1, , null
australis, p, , 1, 1, , null
cerebellar, s, , 1, 1, , null
scores, p, , 1, 1, , null
appendage, s, , 1, 1, , null
deformed, b, , 1, 1, , null
dark-tan, b, , 1, 1, , null
e-patterned, b, , 1, 1, , null
flange, s, , 1, 1, , null
root, s, , 1, 1, , null
clouding, b, , 1, 1, , null
crowns, p, , 1, 1, , null
disc, s, , 1, 1, , null
outer_row, s, , 1, 1, , null
fibre, s, , 1, 1, , null
levis, p, , 1, 1, , null
discrimination, b, , 1, 1, , null
greyish-brown, b, , 1, 1, , null
saliency, s, , 1, 1, , null
complete, b, , 1, 1, , null
channel, s, , 1, 1, , null
fin_origin, s, , 1, 1, , null
beyond, b, , 1, 1, , null
anaerobic, b, , 1, 1, , null
conspicuousness, b, , 1, 1, , null
cream-colored, b, , 1, 1, , null
by, b, , 1, 1, , null
awl-shaped, b, , 1, 1, , null
compact, b, , 1, 1, , null
almost, b, , 1, 1, , null
alive, b, , 1, 1, , null
cystic, b, , 1, 1, , null
papilla, s, , 1, 1, , null
node, s, , 1, 1, , null
saf, s, , 1, 1, , null
neuromast, s, , 1, 1, , null
fragile, b, , 1, 1, , null
excavation, s, , 1, 1, , null
acidity, b, , 1, 1, , null
raysi, p, , 1, 1, , null
continuing, b, , 1, 1, , null
chronic, b, , 1, 1, , null
first, b, , 1, 1, , null
congeneric, s, , 1, 1, , null
mid_dorsum, s, , 1, 1, , null
deeper-bodied, b, , 1, 1, , null
brownish-grayish, b, , 1, 1, , null
bluish, b, , 1, 1, , null
epiotic, s, , 1, 1, , null
apterontous, b, , 1, 1, , null
ardo, s, , 1, 1, , null
prickles, p, , 1, 1, , null
fasciated, b, , 1, 1, , null
gelatinous, b, , 1, 1, , null
grading, b, , 1, 1, , null
hubbs, p, , 1, 1, , null
precursor, s, , 1, 1, , null
blistered, b, , 1, 1, , null
bluish-white, b, , 1, 1, , null
furrowed, b, , 1, 1, , null
combine, b, , 1, 1, , null
maxillo_ethmoid, s, , 1, 1, , null
gland, s, , 1, 1, , null
developing, b, , 1, 1, , null
caudal_lobe, s, , 1, 1, , null
cirri, p, , 1, 1, , null
pelvicfins, p, , 1, 1, , null
heads, p, , 1, 1, , null
overtone, s, , 1, 1, , null
depressed, b, , 1, 1, , null
a_scale, s, , 1, 1, , null
creamish, b, , 1, 1, , null
levi, s, , 1, 1, , null
average, b, , 1, 1, , null
doing, b, , 1, 1, , null
basibranchial, s, , 1, 1, , null
metacondyles, p, , 1, 1, , null
areolate, b, , 1, 1, , null
blotch, s, , 1, 1, , null
clypeus, s, , 1, 1, , null
distantly, b, , 1, 1, , null
enormously, b, , 1, 1, , null
becoming, b, , 1, 1, , null
bracket, s, , 1, 1, , null
branch, s, , 1, 1, , null
blackish-blue, b, , 1, 1, , null
illicium, s, , 1, 1, , null
inter_eye, s, , 1, 1, , null
bilaterally, b, , 1, 1, , null
extremity, s, , 1, 1, , null
localities, p, , 1, 1, , null
did, b, , 1, 1, , null
amblyopsid, s, , 1, 1, , null
crown, s, , 1, 1, , null
antrorse, b, , 1, 1, , null
aperture, s, , 1, 1, , null
adiposefin, s, , 1, 1, , null
disc-shaped, b, , 1, 1, , null
nothobranchiina, s, , 1, 1, , null
deaf, b, , 1, 1, , null
gonactinosts, p, , 1, 1, , null
abalio, s, , 1, 1, , null
parini, p, , 1, 1, , null
endopterygoid, s, , 1, 1, , null
dark-olive, b, , 1, 1, , null
cuneate, b, , 1, 1, , null
pectorals, p, , 1, 1, , null
adipose, b, , 1, 1, , null
cheese-like, b, , 1, 1, , null
arrested, b, , 1, 1, , null
foveate, b, , 1, 1, , null
eye_diameter, s, , 1, 1, , null
quarters, p, , 1, 1, , null
extend, b, , 1, 1, , null
end, s, , 1, 1, , null
captured, b, , 1, 1, , null
every, b, , 1, 1, , null
filaments, p, , 1, 1, , null
elongate-ovoid, b, , 1, 1, , null
black-edged, b, , 1, 1, , null
pterygiophore, s, , 1, 1, , null
nostril, s, , 1, 1, , null
biconvex, b, , 1, 1, , null
atretic, b, , 1, 1, , null
or, f, , 1, 1, , null
crenulations, p, , 1, 1, , null
darkbrownish, b, , 1, 1, , null
points, p, , 1, 1, , null
chest, s, , 1, 1, , null
a-patterned, b, , 1, 1, , null
juvenals, p, , 1, 1, , null
papillae, p, , 1, 1, , null
alignment, b, , 1, 1, , null
fibroids, p, , 1, 1, , null
focus, b, , 1, 1, , null
orbit, s, , 1, 1, , null
ridges, p, , 1, 1, , null
occiput, s, , 1, 1, , null
lappets, p, , 1, 1, , null
golden, b, , 1, 1, , null
adpharyngeal, s, , 1, 1, , null
markings, p, , 1, 1, , null
anterior, b, , 1, 1, , null
corner, s, , 1, 1, , null
barbel, s, , 1, 1, , null
cupulate, b, , 1, 1, , null
flame, s, , 1, 1, , null
around, b, , 1, 1, , null
colored, b, , 1, 1, , null
kincaidii, p, , 1, 1, , null
bald, b, , 1, 1, , null
cavity, s, , 1, 1, , null
muscles, p, , 1, 1, , null
concentration-quantity, b, , 1, 1, , null
pharyngobranchial, s, , 1, 1, , null
diet, b, , 1, 1, , null
brightly, b, , 1, 1, , null
flexibility, b, , 1, 1, , null
abolished, b, , 1, 1, , null
atrophic, b, , 1, 1, , null
reefs, p, , 1, 1, , null
posttemporal, s, , 1, 1, , null
crossed, b, , 1, 1, , null
elliptical, b, , 1, 1, , null
drooping, b, , 1, 1, , null
rakers, p, , 1, 1, , null
dissimilar, b, , 1, 1, , null
mandibulary, s, , 1, 1, , null
complex, b, , 1, 1, , null
arachnose, b, , 1, 1, , null
forms, b, , 1, 1, , null
appearing, b, , 1, 1, , null
coxae, p, , 1, 1, , null
radial, s, , 1, 1, , null
blade-like, b, , 1, 1, , null
fold, s, , 1, 1, , null
anterio-dorsal, b, , 1, 1, , null
intestine, s, , 1, 1, , null
petiole, s, , 1, 1, , null
consistent, b, , 1, 1, , null
maxilla, s, , 1, 1, , null
pleat, s, , 1, 1, , null
ossifications, p, , 1, 1, , null
melanophores, p, , 1, 1, , null
midorbit, s, , 1, 1, , null
interspace, s, , 1, 1, , null
geayi, p, , 1, 1, , null
angle-unit, b, , 1, 1, , null
condyle, s, , 1, 1, , null
formulae, b, , 1, 1, , null
peritoneum, s, , 1, 1, , null
harmonic, s, , 1, 1, , null
cloaca, s, , 1, 1, , null
deep-dwelling, b, , 1, 1, , null
grey-black, b, , 1, 1, , null
furrows, p, , 1, 1, , null
edge, s, , 1, 1, , null
non_symphysial, s, , 1, 1, , null
grayish-brown, b, , 1, 1, , null
co-ossified, b, , 1, 1, , null
retroarticular, s, , 1, 1, , null
electroplates, p, , 1, 1, , null
globular, b, , 1, 1, , null
canal, s, , 1, 1, , null
continuant, b, , 1, 1, , null
cataleptic, b, , 1, 1, , null
gills, p, , 1, 1, , null
ectopic, b, , 1, 1, , null
conspicuously, b, , 1, 1, , null
composed, b, , 1, 1, , null
scrobes, p, , 1, 1, , null
contrast, b, , 1, 1, , null
angular, b, , 1, 1, , null
peduncle, s, , 1, 1, , null
dwarf-like, b, , 1, 1, , null
closed, b, , 1, 1, , null
grooves, p, , 1, 1, , null
adjacent, b, , 1, 1, , null
direction, b, , 1, 1, , null
before, b, , 1, 1, , null
puerzli, p, , 1, 1, , null
ceratobranchials, p, , 1, 1, , null
across, b, , 1, 1, , null
cuspid, s, , 1, 1, , null
fluorescent, b, , 1, 1, , null
composing, b, , 1, 1, , null
appreciably, b, , 1, 1, , null
pelvics, p, , 1, 1, , null
blackish-brown, b, , 1, 1, , null
fintip, s, , 1, 1, , null
-shaped, b, , 1, 1, , null
deviations, p, , 1, 1, , null
bullae, p, , 1, 1, , null
laminae, p, , 1, 1, , null
discontinuous, b, , 1, 1, , null
palate, s, , 1, 1, , null
hypurals, p, , 1, 1, , null
double, b, , 1, 1, , null
circular, b, , 1, 1, , null
pre_vent, s, , 1, 1, , null
ptychochromoide, s, , 1, 1, , null
protrusions, p, , 1, 1, , null
atypical, b, , 1, 1, , null
cleft, b, , 1, 1, , null
furcate, b, , 1, 1, , null
joints, p, , 1, 1, , null
caninoid, b, , 1, 1, , null
function, b, , 1, 1, , null
articulations, p, , 1, 1, , null
back, s, , 1, 1, , null
fade, b, , 1, 1, , null
badly, b, , 1, 1, , null
flag-shaped, b, , 1, 1, , null
pulses, p, , 1, 1, , null
length_rays, p, , 1, 1, , null
dove-tailed, b, , 1, 1, , null
dotted, b, , 1, 1, , null
back, b, , 1, 1, , null
anterolateral, b, , 1, 1, , null
acoustico_lateralis, s, , 1, 1, , null
electroplate, s, , 1, 1, , null
constricted, b, , 1, 1, , null
elasticity, b, , 1, 1, , null
scapular, s, , 1, 1, , null
aggregations, p, , 1, 1, , null
bluish-black, b, , 1, 1, , null
acnatsci, p, , 1, 1, , null
bow-shaped, b, , 1, 1, , null
fan-like, b, , 1, 1, , null
absent, b, , 1, 1, , null
focal, b, , 1, 1, , null
barbs, p, , 1, 1, , null
dorsalized, b, , 1, 1, , null
hondae, p, , 1, 1, , null
edged, b, , 1, 1, , null
diploid, b, , 1, 1, , null
greenish, b, , 1, 1, , null
compatible, b, , 1, 1, , null
rhabdaleste, s, , 1, 1, , null
better, b, , 1, 1, , null
count, b, , 1, 1, , null
honda, s, , 1, 1, , null
barbel-like, b, , 1, 1, , null
erose, b, , 1, 1, , null
blue, b, , 1, 1, , null
magdalenensis, p, , 1, 1, , null
anterodorsally, b, , 1, 1, , null
f-patterned, b, , 1, 1, , null
cleithrum, s, , 1, 1, , null
glabrous, b, , 1, 1, , null
scape, s, , 1, 1, , null
fenestrae, p, , 1, 1, , null
everted, b, , 1, 1, , null
microbranchiospines, p, , 1, 1, , null
capacitance, b, , 1, 1, , null
freshly, b, , 1, 1, , null
fundulopanchax, s, , 1, 1, , null
saddlemark, s, , 1, 1, , null
dumbbell-shaped, b, , 1, 1, , null
to, f, , 1, 1, , null
bristle, s, , 1, 1, , null
eyelid, s, , 1, 1, , null
dry, b, , 1, 1, , null
denticulations, p, , 1, 1, , null
monserratus, s, , 1, 1, , null
midline, s, , 1, 1, , null
absence, b, , 1, 1, , null
lamellae, p, , 1, 1, , null
basally, b, , 1, 1, , null
anterioralized, b, , 1, 1, , null
anusye, s, , 1, 1, , null
lengthmeanrange, s, , 1, 1, , null
scale, s, , 1, 1, , null
rhabdalestes, p, , 1, 1, , null
damaged, b, , 1, 1, , null
clavate, b, , 1, 1, , null
chamber, s, , 1, 1, , null
blade-shaped, b, , 1, 1, , null
adenomatous, b, , 1, 1, , null
mid_band, s, , 1, 1, , null
backward-curving, b, , 1, 1, , null
ending, b, , 1, 1, , null
crescent, s, , 1, 1, , null
agulhas, p, , 1, 1, , null
anablep, s, , 1, 1, , null
pads, p, , 1, 1, , null
be, b, , 1, 1, , null
flat, b, , 1, 1, , null
glans, p, , 1, 1, , null
emerging, b, , 1, 1, , null
nudagobioide, s, , 1, 1, , null
bullet-shaped, b, , 1, 1, , null
coating, b, , 1, 1, , null
eight, b, , 1, 1, , null
case, s, , 1, 1, , null
horns, p, , 1, 1, , null
concave, b, , 1, 1, , null
discontiguous, b, , 1, 1, , null
mao, s, , 1, 1, , null
descending, b, , 1, 1, , null
centres, p, , 1, 1, , null
ocellus, s, , 1, 1, , null
diffuse, b, , 1, 1, , null
nanochromi, s, , 1, 1, , null
forming, b, , 1, 1, , null
nor, f, , 1, 1, , null
grey-white, b, , 1, 1, , null
line, s, , 1, 1, , null
cribriform, b, , 1, 1, , null
comparatively-sized, b, , 1, 1, , null
falciform, b, , 1, 1, , null
colletteus, s, , 1, 1, , null
epithelia, p, , 1, 1, , null
decurrent, b, , 1, 1, , null
darkly, b, , 1, 1, , null
focused, b, , 1, 1, , null
midside, s, , 1, 1, , null
discharge, s, , 1, 1, , null
bands, p, , 1, 1, , null
elongated, b, , 1, 1, , null
ellipsoidal, b, , 1, 1, , null
cusps, p, , 1, 1, , null
hypohyal, s, , 1, 1, , null
mid_fold, s, , 1, 1, , null
dirty, b, , 1, 1, , null
dermal, b, , 1, 1, , null
free, b, , 1, 1, , null
premaxillae, p, , 1, 1, , null
knob, s, , 1, 1, , null
platelet, s, , 1, 1, , null
caseous, b, , 1, 1, , null
santschi, p, , 1, 1, , null
dorsalfin, s, , 1, 1, , null
lachrymal, s, , 1, 1, , null
dipping, b, , 1, 1, , null
aerobic, b, , 1, 1, , null
openings, p, , 1, 1, , null
fimbriated, b, , 1, 1, , null
scar, s, , 1, 1, , null
hypobranchials, p, , 1, 1, , null
failure, b, , 1, 1, , null
articulation, s, , 1, 1, , null
fleshy, b, , 1, 1, , null
plate, s, , 1, 1, , null
fields, p, , 1, 1, , null
e_scale, s, , 1, 1, , null
ligastyle, s, , 1, 1, , null
ossicle, s, , 1, 1, , null
foveolate, b, , 1, 1, , null
maria, s, , 1, 1, , null
bonapartius, s, , 1, 1, , null
flavor, b, , 1, 1, , null
edentate, b, , 1, 1, , null
gill_arch, s, , 1, 1, , null
given, b, , 1, 1, , null
brown-cream, b, , 1, 1, , null
abduction, b, , 1, 1, , null
adipose_caudal, s, , 1, 1, , null
capsule, s, , 1, 1, , null
content, b, , 1, 1, , null
infrapharyngobranchials, p, , 1, 1, , null
caudally, b, , 1, 1, , null
cirrus, s, , 1, 1, , null
forntal, s, , 1, 1, , null
dusky, b, , 1, 1, , null
diffusely, b, , 1, 1, , null
brighter, b, , 1, 1, , null
ivindoensi, p, , 1, 1, , null
dim, b, , 1, 1, , null
kidney, s, , 1, 1, , null
laterale, s, , 1, 1, , null
nothobranchiinae, p, , 1, 1, , null
marking, s, , 1, 1, , null
decreasing, b, , 1, 1, , null
dendritic, b, , 1, 1, , null
interface, s, , 1, 1, , null
could, b, , 1, 1, , null
globose, b, , 1, 1, , null
cyan, b, , 1, 1, , null
brachium, s, , 1, 1, , null
ossification, s, , 1, 1, , null
azygous, b, , 1, 1, , null
content, s, , 1, 1, , null
infranuchal, s, , 1, 1, , null
prezygapophyse, s, , 1, 1, , null
row, s, , 1, 1, , null
gobiid, s, , 1, 1, , null
dilated, b, , 1, 1, , null
congeners, p, , 1, 1, , null
aggregation, s, , 1, 1, , null
glossohyal, s, , 1, 1, , null
component, s, , 1, 1, , null
also, b, , 1, 1, , null
auxotrophic, b, , 1, 1, , null
fairly, b, , 1, 1, , null
elevated, b, , 1, 1, , null
bodies, p, , 1, 1, , null
calcified, b, , 1, 1, , null
cup-shaped, b, , 1, 1, , null
green-blue, b, , 1, 1, , null
anusyes, p, , 1, 1, , null
freckles, p, , 1, 1, , null
prolongation, s, , 1, 1, , null
exceeding, b, , 1, 1, , null
brains, p, , 1, 1, , null
currently, b, , 1, 1, , null
kiritimati, p, , 1, 1, , null
congested, b, , 1, 1, , null
interspiracle, s, , 1, 1, , null
boomerang-shaped, b, , 1, 1, , null
lamina, s, , 1, 1, , null
creating, b, , 1, 1, , null
frequently, b, , 1, 1, , null
dissolved, b, , 1, 1, , null
defasciculated, b, , 1, 1, , null
eschmeyerus, s, , 1, 1, , null
adjoined, b, , 1, 1, , null
edwardsius, s, , 1, 1, , null
closure, b, , 1, 1, , null
amietus, s, , 1, 1, , null
far, b, , 1, 1, , null
juvenal, s, , 1, 1, , null
fusion, s, , 1, 1, , null
fin, s, , 1, 1, , null
contents, p, , 1, 1, , null
flaky, b, , 1, 1, , null
flames, p, , 1, 1, , null
scales, p, , 1, 1, , null
arm-like, b, , 1, 1, , null
disto_medial, s, , 1, 1, , null
bristles, p, , 1, 1, , null
depressions, p, , 1, 1, , null
fin, b, , 1, 1, , null
band_interband, s, , 1, 1, , null
comparatively, b, , 1, 1, , null
cichlid, s, , 1, 1, , null
notch, s, , 1, 1, , null
connected, b, , 1, 1, , null
drao, s, , 1, 1, , null
fins, p, , 1, 1, , null
microbranchiospine, s, , 1, 1, , null
caudate, b, , 1, 1, , null
interval, s, , 1, 1, , null
clear, b, , 1, 1, , null
crowded, b, , 1, 1, , null
dip, s, , 1, 1, , null
element, s, , 1, 1, , null
gill_slit, s, , 1, 1, , null
delaminated, b, , 1, 1, , null
ankylosed, b, , 1, 1, , null
dentate, b, , 1, 1, , null
score, s, , 1, 1, , null
extremely, b, , 1, 1, , null
closer, b, , 1, 1, , null
punctures, p, , 1, 1, , null
flap, s, , 1, 1, , null
courses, b, , 1, 1, , null
fainter, b, , 1, 1, , null
ends, p, , 1, 1, , null
division, s, , 1, 1, , null
metapterygials, p, , 1, 1, , null
fibrillate, b, , 1, 1, , null
formula, b, , 1, 1, , null
ovary, s, , 1, 1, , null
functional, b, , 1, 1, , null
prolongations, p, , 1, 1, , null
individuals, p, , 1, 1, , null
coiling, b, , 1, 1, , null
pagei, p, , 1, 1, , null
cross_section, s, , 1, 1, , null
extends, b, , 1, 1, , null
diameter, b, , 1, 1, , null
photophores, p, , 1, 1, , null
scrobe, s, , 1, 1, , null
bone, s, , 1, 1, , null
curves, p, , 1, 1, , null
pageus, s, , 1, 1, , null
darkest, b, , 1, 1, , null
exoccipital, s, , 1, 1, , null
pupil, s, , 1, 1, , null
barb, s, , 1, 1, , null
mandibula, s, , 1, 1, , null
derives, b, , 1, 1, , null
dorsalmost, b, , 1, 1, , null
postorbital, s, , 1, 1, , null
brochidodromous, b, , 1, 1, , null
eighth, b, , 1, 1, , null
fin_spine, s, , 1, 1, , null
pouches, p, , 1, 1, , null
densely, b, , 1, 1, , null
cartilages, p, , 1, 1, , null
emarginate, b, , 1, 1, , null
exposed, b, , 1, 1, , null
deeper, b, , 1, 1, , null
curved, b, , 1, 1, , null
mid_gill, s, , 1, 1, , null
flecks, p, , 1, 1, , null
dorsal-posterior, b, , 1, 1, , null
broad-based, b, , 1, 1, , null
basioccipital, b, , 1, 1, , null
myotomes, p, , 1, 1, , null
lip, s, , 1, 1, , null
limit, s, , 1, 1, , null
dappled, b, , 1, 1, , null
inter_saddle, s, , 1, 1, , null
intermaxillary, s, , 1, 1, , null
attenuated, b, , 1, 1, , null
internasal_flap, s, , 1, 1, , null
dashes, p, , 1, 1, , null
cylindriform, b, , 1, 1, , null
lines, p, , 1, 1, , null
condensed, b, , 1, 1, , null
foot, s, , 1, 1, , null
hypostominae, p, , 1, 1, , null
eggs, p, , 1, 1, , null
girardi, p, , 1, 1, , null
galvis, s, , 1, 1, , null
adults, p, , 1, 1, , null
as, b, , 1, 1, , null
fragilis, s, , 1, 1, , null
integument, s, , 1, 1, , null
fenestrated, b, , 1, 1, , null
clearly, b, , 1, 1, , null
cheeks, p, , 1, 1, , null
boundaries, p, , 1, 1, , null
regions, p, , 1, 1, , null
ruginodis, p, , 1, 1, , null
drop_offs, p, , 1, 1, , null
layers, p, , 1, 1, , null
crescentshaped, b, , 1, 1, , null
extensions, p, , 1, 1, , null
girdles, s, , 1, 1, , null
pulse, s, , 1, 1, , null
covered, b, , 1, 1, , null
dominated, b, , 1, 1, , null
midregion, s, , 1, 1, , null
assemblage, s, , 1, 1, , null
at, b, , 1, 1, , null
antenna, s, , 1, 1, , null
asterisk, s, , 1, 1, , null
bicolored, b, , 1, 1, , null
discolored, b, , 1, 1, , null
jaw, s, , 1, 1, , null
allochthonous, b, , 1, 1, , null
epinastic, b, , 1, 1, , null
intervals, p, , 1, 1, , null
adhesive, b, , 1, 1, , null
region, s, , 1, 1, , null
extended, b, , 1, 1, , null
autopalatine, s, , 1, 1, , null
epibranchial, s, , 1, 1, , null
lepidotrichia, p, , 1, 1, , null
nerve, s, , 1, 1, , null
few, b, , 1, 1, , null
enclosed, b, , 1, 1, , null
grayish-black, b, , 1, 1, , null
anterior_dorsum, s, , 1, 1, , null
mandibularis, p, , 1, 1, , null
bladelike, b, , 1, 1, , null
fertility, b, , 1, 1, , null
aquaria, s, , 1, 1, , null
disorganized, b, , 1, 1, , null
composition, b, , 1, 1, , null
glan, s, , 1, 1, , null
mid_flanks, p, , 1, 1, , null
contiguous, b, , 1, 1, , null
branchiospines, p, , 1, 1, , null
opercles, p, , 1, 1, , null
distinctive, b, , 1, 1, , null
opercle, s, , 1, 1, , null
cavities, p, , 1, 1, , null
lobes, p, , 1, 1, , null
away, b, , 1, 1, , null
group-typical, b, , 1, 1, , null
an, b, , 1, 1, , null
bones, p, , 1, 1, , null
interband, s, , 1, 1, , null
aliform, b, , 1, 1, , null
laterali, s, , 1, 1, , null
modulations, p, , 1, 1, , null
black, b, , 1, 1, , null
cloudy, b, , 1, 1, , null
funnel-shaped, b, , 1, 1, , null
elongate-oval, b, , 1, 1, , null
cell, s, , 1, 1, , null
provinces, p, , 1, 1, , null
arch, s, , 1, 1, , null
crease, s, , 1, 1, , null
interspaces, p, , 1, 1, , null
enhanced, b, , 1, 1, , null
ruginodi, s, , 1, 1, , null
dark-centered, b, , 1, 1, , null
-propanol, b, , 1, 1, , null
rings, p, , 1, 1, , null
atrophied, b, , 1, 1, , null
greater, b, , 1, 1, , null
appendices, p, , 1, 1, , null
pectoral_pelvic, s, , 1, 1, , null
collapsed, b, , 1, 1, , null
gaster, b, , 1, 1, , null
chestnut, b, , 1, 1, , null
rictus, s, , 1, 1, , null
bluntly, b, , 1, 1, , null
frequency, b, , 1, 1, , null
fontanelle, s, , 1, 1, , null
eyelids, p, , 1, 1, , null
artefacts, p, , 1, 1, , null
g-patterned, b, , 1, 1, , null
reef, s, , 1, 1, , null
eyeball, s, , 1, 1, , null
fibers, p, , 1, 1, , null
damage, b, , 1, 1, , null
differentiated, b, , 1, 1, , null
easily, b, , 1, 1, , null
post_anal, s, , 1, 1, , null
cream-yellow, b, , 1, 1, , null
eighths, b, , 1, 1, , null
erroneous, b, , 1, 1, , null
acidic, b, , 1, 1, , null
exserted, b, , 1, 1, , null
flanks, p, , 1, 1, , null
minors, p, , 1, 1, , null
gaseous, b, , 1, 1, , null
abut, b, , 1, 1, , null
santschus, s, , 1, 1, , null
mouth, s, , 1, 1, , null
evenly, b, , 1, 1, , null
eschmeyeri, p, , 1, 1, , null
denticle, s, , 1, 1, , null
consequently, b, , 1, 1, , null
anterolaterals, p, , 1, 1, , null
caudal-most, b, , 1, 1, , null
peckoltia, p, , 1, 1, , null
eyeless, b, , 1, 1, , null
but, b, , 1, 1, , null
postorbitals, p, , 1, 1, , null
halves, p, , 1, 1, , null
chambers, p, , 1, 1, , null
embryos, p, , 1, 1, , null
coarse, b, , 1, 1, , null
ethmoid, s, , 1, 1, , null
cream-coloured, b, , 1, 1, , null
fixed, b, , 1, 1, , null
flesh, s, , 1, 1, , null
fleshly, b, , 1, 1, , null
h_scale, s, , 1, 1, , null
bonapartii, p, , 1, 1, , null
chevron-like, b, , 1, 1, , null
firm, b, , 1, 1, , null
nare, s, , 1, 1, , null
cup-like, b, , 1, 1, , null
berryi, p, , 1, 1, , null
atypia, b, , 1, 1, , null
scapula, s, , 1, 1, , null
frons, p, , 1, 1, , null
head, s, , 1, 1, , null
diagonally, b, , 1, 1, , null
reticulations, p, , 1, 1, , null
bodied, b, , 1, 1, , null
ruginode, s, , 1, 1, , null
knobs, p, , 1, 1, , null
except, b, , 1, 1, , null
margin, s, , 1, 1, , null
dark-pigmented, b, , 1, 1, , null
eyes, p, , 1, 1, , null
disfigured, b, , 1, 1, , null
cichlids, p, , 1, 1, , null
divided, b, , 1, 1, , null
firmness, b, , 1, 1, , null
barely, b, , 1, 1, , null
cartilaginous, b, , 1, 1, , null
disk_anus, s, , 1, 1, , null
come, b, , 1, 1, , null
arch-shaped, b, , 1, 1, , null
ethmoids, p, , 1, 1, , null
collieus, s, , 1, 1, , null
microtrachys, p, , 1, 1, , null
brown-tipped, b, , 1, 1, , null
brownish, b, , 1, 1, , null
leukophore, s, , 1, 1, , null
front, b, , 1, 1, , null
raysus, s, , 1, 1, , null
pseudorhipidion, s, , 1, 1, , null
components, p, , 1, 1, , null
dendriform, b, , 1, 1, , null
disfunctional, b, , 1, 1, , null
adhesivity, b, , 1, 1, , null
crenate, b, , 1, 1, , null
hypural, s, , 1, 1, , null
interdigitations, p, , 1, 1, , null
centers, p, , 1, 1, , null
mideye, s, , 1, 1, , null
arnoulti, p, , 1, 1, , null
ctenii, p, , 1, 1, , null
pigments, p, , 1, 1, , null
duplicated, b, , 1, 1, , null
omeiensis, p, , 1, 1, , null
ovaries, p, , 1, 1, , null
amblyopsi, s, , 1, 1, , null
pectoral_base, s, , 1, 1, , null
clasper, s, , 1, 1, , null
pre_spine, s, , 1, 1, , null
concentration-unit, b, , 1, 1, , null
confluent, b, , 1, 1, , null
aprons, p, , 1, 1, , null
creased, b, , 1, 1, , null
growth, s, , 1, 1, , null
projection, s, , 1, 1, , null
infrapharyngobranchial, s, , 1, 1, , null
ancistrini, p, , 1, 1, , null
endsnout, s, , 1, 1, , null
pelvic_anal, s, , 1, 1, , null
anxious, b, , 1, 1, , null
corners, p, , 1, 1, , null
pseudosiphon, s, , 1, 1, , null
detailed, b, , 1, 1, , null
pseudopera, s, , 1, 1, , null
broader, b, , 1, 1, , null
leg, s, , 1, 1, , null
angulate, b, , 1, 1, , null
notches, p, , 1, 1, , null
biserial, b, , 1, 1, , null
darker, b, , 1, 1, , null
isthmus, s, , 1, 1, , null
columns, p, , 1, 1, , null
ellipse-shaped, b, , 1, 1, , null
insertion, s, , 1, 1, , null
ceratotrichia, p, , 1, 1, , null
channels, p, , 1, 1, , null
dash, s, , 1, 1, , null
pit, s, , 1, 1, , null
distributed, b, , 1, 1, , null
